query_id,iteration,icd11_codes,prevalence,etiqueta,ddx_parsed,match_details
,0,"[""1B10"", ""DB98.3"", ""1C22"", ""1B95"", ""CA40.Z""]","[""N/A"", ""Desconocido"", ""N/A"", ""<1 / 1 000 000"", ""N/A""]","[""unclassified"", ""unknown"", ""unclassified"", ""ultra_rare"", ""common""]",Tuberculosis pulmonar | Fiebre Q | Psitacosis | Brucelosis | Neumonía atípica,"Tuberculosis pulmonar → Tuberculosis pulmonar primaria [semantic, 0.0%] → 1B10 ;; Fiebre Q → Fiebre Q [exact, 100.0%] → DB98.3 ;; Psitacosis → Psitacosis [exact, 100.0%] → 1C22 ;; Brucelosis → Brucelosis [exact, 100.0%] → 1B95 ;; Neumonía atípica → CA40.Z [who_api, 0.0%] → CA40.Z"
,0,"[""DA41.00"", ""1A40.0"", ""DA90.2"", ""DA50.0"", ""DC32.4""]","[""1-5 / 10 000"", ""N/A"", ""N/A"", ""N/A"", ""N/A""]","[""unknown"", ""common"", ""unclassified"", ""common"", ""unclassified""]",Gastroparesia | Gastroenteritis funcional | Pseudo‑obstrucción intestinal | Obstrucción duodenal | Pancreatitis crónica,"Gastroparesia → Gastroparesia idiopática [semantic, 0.0%] → DA41.00 ;; Gastroenteritis funcional → 1A40.0 [who_api, 0.0%] → 1A40.0 ;; Pseudo‑obstrucción intestinal → Pseudoobstrucción intestinal no clasificada [semantic, 0.0%] → DA90.2 ;; Obstrucción duodenal → DA50.0 [who_api, 0.0%] → DA50.0 ;; Pancreatitis crónica → Pancreatitis crónica idiopática [semantic, 0.0%] → DC32.4"
,0,"[""6D70.Z"", ""NR-NEUR-001"", ""8E47"", ""8E47/GB61.Z"", ""8B11""]","[""N/A"", ""N/A"", ""N/A"", ""N/A"", ""N/A""]","[""common"", ""unclassified"", ""common"", ""common"", ""common""]",Delirium multifactorial | Estado postictal | Encefalopatía séptica | Encefalopatía urémica | Accidente cerebrovascular isquémico,"Delirium multifactorial → 6D70.Z [who_api, 0.0%] → 6D70.Z ;; Estado postictal → NR-NEUR-001 [nr, 0.0%] → NR-NEUR-001 ;; Encefalopatía séptica → 8E47 [who_api, 0.0%] → 8E47 ;; Encefalopatía urémica → 8E47/GB61.Z [who_api, 0.0%] → 8E47/GB61.Z ;; Accidente cerebrovascular isquémico → Accidente cerebrovascular isquémico pediátrico [fuzzy_validated_who, 86.4%] → 8B11"
,0,"[""MF85"", ""4A44.AZ"", ""4A40.0"", ""1B1Z"", ""CB04.30""]","[""N/A"", ""N/A"", ""1-5 / 10 000"", ""1-5 / 10 000"", ""Desconocido""]","[""common"", ""common"", ""unknown"", ""unknown"", ""unknown""]",Síndrome de Goodpasture | Vasculitis ANCA asociada | Lupus eritematoso sistémico | Tuberculosis | Hemosiderosis pulmonar idiopática,"Síndrome de Goodpasture → MF85 [who_api, 0.0%] → MF85 ;; Vasculitis ANCA asociada → 4A44.AZ [who_api, 0.0%] → 4A44.AZ ;; Lupus eritematoso sistémico → Lupus eritematoso sistémico [exact, 100.0%] → 4A40.0 ;; Tuberculosis → Tuberculosis [exact_who, 100.0%] → 1B1Z ;; Hemosiderosis pulmonar idiopática → Hemosiderosis pulmonar idiopática [exact, 100.0%] → CB04.30"
,0,"[""1B12.1"", ""9A96.1/FA24.Z"", ""4B20.4"", ""4A62"", ""4A44""]","[""N/A"", ""N/A"", ""N/A"", ""1-9 / 100 000"", ""1-9 / 100 000""]","[""common"", ""common"", ""common"", ""very_rare"", ""very_rare""]",Uveítis tuberculosa | Uveítis asociada a artritis idiopática juvenil | Sarcoidosis ocular | Enfermedad de Behçet | Vasculitis,"Uveítis tuberculosa → 1B12.1 [who_api, 0.0%] → 1B12.1 ;; Uveítis asociada a artritis idiopática juvenil → 9A96.1/FA24.Z [who_api, 0.0%] → 9A96.1/FA24.Z ;; Sarcoidosis ocular → 4B20.4 [who_api, 0.0%] → 4B20.4 ;; Enfermedad de Behçet → Enfermedad de Behçet [exact, 100.0%] → 4A62 ;; Vasculitis → Vasculitis [exact, 100.0%] → 4A44"
,0,"[""5C63.20"", ""NR-OTR-003"", ""GB90.44"", ""5A50.Z"", ""5D2Z""]","[""1-5 / 10 000"", ""N/A"", ""Desconocido"", ""N/A"", ""N/A""]","[""unknown"", ""unclassified"", ""unknown"", ""common"", ""common""]",Requedad por deficiencia de vitamina D | Requedad fosfatasa | Acidosis tubular renal tipo II | Hipoparatiroidismo | Enfermedades metabólicas óseas,"Requedad por deficiencia de vitamina D → Raquitismo hipocalcémico dependiente de vitamina D [semantic, 0.0%] → 5C63.20 ;; Requedad fosfatasa → NR-OTR-003 [nr, 0.0%] → NR-OTR-003 ;; Acidosis tubular renal tipo II → Acidosis tubular renal proximal [semantic, 0.0%] → GB90.44 ;; Hipoparatiroidismo → Hipoparatiroidismo raro [fuzzy_validated_who, 87.8%] → 5A50.Z ;; Enfermedades metabólicas óseas → 5D2Z [who_api, 0.0%] → 5D2Z"
,0,"[""3B65"", ""3A20.5"", ""2A44"", ""2A60"", ""NR-HEMAT-002""]","[""N/A"", ""1-9 / 1 000 000"", ""N/A"", ""1-5 / 10 000"", ""N/A""]","[""common"", ""ultra_rare"", ""common"", ""unknown"", ""unclassified""]",Microangiopatía trombótica | Síndrome de Evans | Enfermedad mielodisplásica | Leucemia mieloide aguda | Síndrome de afémoglobina,"Microangiopatía trombótica → Microangiopatía trombótica [exact_who, 100.0%] → 3B65 ;; Síndrome de Evans → Síndrome de Evans [exact, 100.0%] → 3A20.5 ;; Enfermedad mielodisplásica → 2A44 [who_api, 0.0%] → 2A44 ;; Leucemia mieloide aguda → Leucemia mieloide aguda [exact, 100.0%] → 2A60 ;; Síndrome de afémoglobina → NR-HEMAT-002 [nr, 0.0%] → NR-HEMAT-002"
,0,"[""4A44.5"", ""1C31.0"", ""4A44.92"", ""4A44.4"", ""EA50.2""]","[""Desconocido"", ""Desconocido"", ""Desconocido"", ""1-9 / 100 000"", ""Desconocido""]","[""unknown"", ""unknown"", ""unknown"", ""very_rare"", ""unknown""]",Enfermedad de Kawasaki | Fiebre maculosa de las Montañas Rocosas | Púrpura de Henoch-Schönlein | Poliarteritis nodosa | Síndrome de piel escaldada estafilocócico,"Enfermedad de Kawasaki → Enfermedad de Kawasaki [exact, 100.0%] → 4A44.5 ;; Fiebre maculosa de las Montañas Rocosas → Fiebre maculosa de las Montañas Rocosas [exact, 100.0%] → 1C31.0 ;; Púrpura de Henoch-Schönlein → Vasculitis por inmunoglobulina A [exact, 100.0%] → 4A44.92 ;; Poliarteritis nodosa → Poliarteritis nodosa [exact, 100.0%] → 4A44.4 ;; Síndrome de piel escaldada estafilocócico → Síndrome de la piel escaldada por estafilococos [fuzzy_validated, 86.4%] → EA50.2"
,0,"[""5D00.0"", ""2A83.1"", ""GB40"", ""1F54.2"", ""BD13""]","[""1-9 / 100 000"", ""1-5 / 10 000"", ""Desconocido"", ""1-9 / 1 000 000"", ""N/A""]","[""very_rare"", ""unknown"", ""unknown"", ""ultra_rare"", ""common""]",Amiloidosis AL | Mieloma múltiple | Glomerulonefritis membranosa | Leishmaniasis visceral | Insuficiencia cardíaca derecha,"Amiloidosis AL → Amiloidosis AL [exact, 100.0%] → 5D00.0 ;; Mieloma múltiple → Mieloma múltiple [exact, 100.0%] → 2A83.1 ;; Glomerulonefritis membranosa → Glomerulonefritis membranosa primaria [fuzzy_validated, 86.2%] → GB40 ;; Leishmaniasis visceral → Leishmaniasis [semantic, 0.0%] → 1F54.2 ;; Insuficiencia cardíaca derecha → BD13 [who_api, 0.0%] → BD13"
,0,"[""5A03.1"", ""DB98.3"", ""1F25.1Y"", ""1C11.Z"", ""5A03.0""]","[""N/A"", ""Desconocido"", ""Desconocido"", ""N/A"", ""N/A""]","[""common"", ""unknown"", ""unknown"", ""common"", ""common""]",Tiroiditis subaguda | Fiebre Q | Coccidioidomicosis | Bartonelosis | Tiroiditis infecciosa,"Tiroiditis subaguda → 5A03.1 [who_api, 0.0%] → 5A03.1 ;; Fiebre Q → Fiebre Q [exact, 100.0%] → DB98.3 ;; Coccidioidomicosis → Coccidioidomicosis [exact, 100.0%] → 1F25.1Y ;; Bartonelosis → 1C11.Z [who_api, 0.0%] → 1C11.Z ;; Tiroiditis infecciosa → 5A03.0 [who_api, 0.0%] → 5A03.0"
,0,"[""MG47"", ""5B91.0"", ""5A51.2"", ""5B91.0"", ""5B91.0""]","[""N/A"", ""N/A"", ""Desconocido"", ""N/A"", ""N/A""]","[""common"", ""common"", ""unknown"", ""common"", ""common""]",Intoxicación por vitamina D | Síndrome de leche alcalina | Hipercalcemia familiar | Hipercalcemia neoplásica | Hipercalcemia idiopática neonatal,"Intoxicación por vitamina D → MG47 [who_api, 0.0%] → MG47 ;; Síndrome de leche alcalina → 5B91.0 [who_api, 0.0%] → 5B91.0 ;; Hipercalcemia familiar → Hipercalcemia hipocalciúrica familiar [semantic, 0.0%] → 5A51.2 ;; Hipercalcemia neoplásica → 5B91.0 [who_api, 0.0%] → 5B91.0 ;; Hipercalcemia idiopática neonatal → 5B91.0 [who_api, 0.0%] → 5B91.0"
,0,"[""2A60"", ""XH4XG8"", ""2A82.00"", ""NR-HEMAT-006"", ""2A4Z""]","[""1-5 / 10 000"", ""1-9 / 100 000"", ""1-5 / 10 000"", ""N/A"", ""1-9 / 100 000""]","[""unknown"", ""very_rare"", ""unknown"", ""unclassified"", ""very_rare""]",Leucemia mieloide aguda | Leucemia mieloide crónica | Leucemia linfoide aguda | Reacción leukémica | Neoplasia mieloproliferativa,"Leucemia mieloide aguda → Leucemia mieloide aguda [exact, 100.0%] → 2A60 ;; Leucemia mieloide crónica → Leucemia mieloide crónica [exact, 100.0%] → XH4XG8 ;; Leucemia linfoide aguda → Leucemia linfoblástica aguda [semantic_who, 0.0%] → 2A82.00 ;; Reacción leukémica → NR-HEMAT-006 [nr, 0.0%] → NR-HEMAT-006 ;; Neoplasia mieloproliferativa → Neoplasia mieloproliferativa [exact_who, 100.0%] → 2A4Z"
,0,"[""4A41.1"", ""NR-OTR-006"", ""8E4A.3"", ""8D40.2/5B5K.1Z"", ""8C80""]","[""1-9 / 100 000"", ""N/A"", ""1-9 / 100 000"", ""N/A"", ""N/A""]","[""very_rare"", ""unclassified"", ""very_rare"", ""common"", ""common""]",Polimiositis | Síndrome mixto del tejido conectivo | Miopatía necrotizante autoinmune | Miopatía por hipocalcemia | Miopatía inducida por fármacos,"Polimiositis → Polimiositis [exact, 100.0%] → 4A41.1 ;; Síndrome mixto del tejido conectivo → NR-OTR-006 [nr, 0.0%] → NR-OTR-006 ;; Miopatía necrotizante autoinmune → Miopatía necrosante inmunomediada [semantic_who, 0.0%] → 8E4A.3 ;; Miopatía por hipocalcemia → 8D40.2/5B5K.1Z [who_api, 0.0%] → 8D40.2/5B5K.1Z ;; Miopatía inducida por fármacos → 8C80 [who_api, 0.0%] → 8C80"
,0,"[""5A4Y"", ""LD2C"", ""LD2F.1Y"", ""LD2C"", ""5A4Y""]","[""Desconocido"", ""1-5 / 10 000"", ""<1 / 1 000 000"", ""<1 / 1 000 000"", ""N/A""]","[""unknown"", ""unknown"", ""ultra_rare"", ""ultra_rare"", ""common""]",Hiperinsulinismo congénito | Síndrome de Beckwith-Wiedemann | Síndrome de Pallister-Hall | Síndrome de Simpson-Golabi-Behmel | Hiperinsulinismo paraneoplásico,"Hiperinsulinismo congénito → Hiperinsulinismo congénito aislado [fuzzy_validated_who, 86.7%] → 5A4Y ;; Síndrome de Beckwith-Wiedemann → Síndrome de Beckwith-Wiedemann [exact, 100.0%] → LD2C ;; Síndrome de Pallister-Hall → Síndrome de Pallister-Hall [exact, 100.0%] → LD2F.1Y ;; Síndrome de Simpson-Golabi-Behmel → Síndrome de Simpson-Golabi-Behmel [exact, 100.0%] → LD2C ;; Hiperinsulinismo paraneoplásico → 5A4Y [who_api, 0.0%] → 5A4Y"
,0,"[""CA82.4"", ""CB02.11"", ""4A44.A2"", ""4B03.Z"", ""CB02.1Z""]","[""Desconocido"", ""Desconocido"", ""1-9 / 100 000"", ""Desconocido"", ""N/A""]","[""unknown"", ""unknown"", ""very_rare"", ""unknown"", ""common""]",Enfermedad pulmonar alérgica por Aspergillus | Neumonía eosinofílica crónica | Síndrome de Churg‑Strauss | Síndrome de hiper‑eosinofilia | Neumonía eosinofílica inducida por fármacos,"Enfermedad pulmonar alérgica por Aspergillus → Aspergilosis bronco-pulmonar alérgica [semantic, 0.0%] → CA82.4 ;; Neumonía eosinofílica crónica → Neumonía eosinofílica crónica idiopática [semantic, 0.0%] → CB02.11 ;; Síndrome de Churg‑Strauss → Granulomatosis eosinofílica con poliangeítis [semantic, 0.0%] → 4A44.A2 ;; Síndrome de hiper‑eosinofilia → Síndromes hipereosinofílicos [semantic_who, 0.0%] → 4B03.Z ;; Neumonía eosinofílica inducida por fármacos → CB02.1Z [who_api, 0.0%] → CB02.1Z"
,0,"[""2E2Z"", ""2B33.5"", ""4B20.1"", ""4A43.0"", ""8B01""]","[""N/A"", ""N/A"", ""6-9 / 10 000"", ""Desconocido"", ""N/A""]","[""common"", ""common"", ""rare"", ""unknown"", ""common""]",Metástasis leptomeníngea | Linfoma primario meníngeo | Neurosarcoidosis | Enfermedad inflamatoria IgG4 relacionada | Hemorragia subaracnoidea crónica,"Metástasis leptomeníngea → 2E2Z [who_api, 0.0%] → 2E2Z ;; Linfoma primario meníngeo → 2B33.5 [who_api, 0.0%] → 2B33.5 ;; Neurosarcoidosis → Sarcoidosis [semantic, 0.0%] → 4B20.1 ;; Enfermedad inflamatoria IgG4 relacionada → Enfermedad renal relacionada con IgG4 [semantic, 0.0%] → 4A43.0 ;; Hemorragia subaracnoidea crónica → 8B01 [who_api, 0.0%] → 8B01"
,0,"[""NR-GAST-004"", ""4A01.1Y"", ""2B33.5"", ""DD70.Z"", ""DA95""]","[""N/A"", ""N/A"", ""N/A"", ""N/A"", ""N/A""]","[""unclassified"", ""unclassified"", ""common"", ""common"", ""common""]",Enteropatía asociada a deficiencia variable común de inmunoglobulinas | Síndrome de hiper‑IgM | Linfoma EATL | Enfermedad de Crohn | Enfermedad celíaca tipo 2,"Enteropatía asociada a deficiencia variable común de inmunoglobulinas → NR-GAST-004 [nr, 0.0%] → NR-GAST-004 ;; Síndrome de hiper‑IgM → Síndrome de hiper-IgM ligado al cromosoma X [semantic, 0.0%] → 4A01.1Y ;; Linfoma EATL → 2B33.5 [who_api, 0.0%] → 2B33.5 ;; Enfermedad de Crohn → DD70.Z [who_api, 0.0%] → DD70.Z ;; Enfermedad celíaca tipo 2 → DA95 [who_api, 0.0%] → DA95"
,0,"[""NR-NEUR-006"", ""NR-NEUR-007"", ""8E4A.0"", ""1C80"", ""6A4Z""]","[""N/A"", ""N/A"", ""<1 / 1 000 000"", ""N/A"", ""N/A""]","[""unclassified"", ""unclassified"", ""ultra_rare"", ""common"", ""common""]",Encefalitis anti‑NMDAR | Encefalopatía autoinmune por anticuerpos contra GABA‑B o AMPA | Encefalopatía autoinmune tiroidea (Hashimoto) | Encefalitis viral | Síndrome de catatonia psiquiátrica,"Encefalitis anti‑NMDAR → NR-NEUR-006 [nr, 0.0%] → NR-NEUR-006 ;; Encefalopatía autoinmune por anticuerpos contra GABA‑B o AMPA → NR-NEUR-007 [nr, 0.0%] → NR-NEUR-007 ;; Encefalopatía autoinmune tiroidea (Hashimoto) → Encefalopatía sensible a esteroides asociada a tiroiditis autoinmune [semantic, 0.0%] → 8E4A.0 ;; Encefalitis viral → Encefalitis [semantic_who, 0.0%] → 1C80 ;; Síndrome de catatonia psiquiátrica → 6A4Z [who_api, 0.0%] → 6A4Z"
,0,"[""4A43.0"", ""2B31.Y&XH1VJ3"", ""4B2Y"", ""4B20.Z"", ""NR-ONCOL-001""]","[""Desconocido"", ""N/A"", ""Desconocido"", ""N/A"", ""N/A""]","[""unknown"", ""common"", ""unknown"", ""common"", ""unclassified""]",Enfermedad IgG4‑relacionada | Enfermedad de Erdheim‑Chester | Enfermedad de Castleman multifocal | Sarcoidosis sistémica | Linfoma de células B plasmocitos,"Enfermedad IgG4‑relacionada → Enfermedad renal relacionada con IgG4 [semantic, 0.0%] → 4A43.0 ;; Enfermedad de Erdheim‑Chester → 2B31.Y&XH1VJ3 [who_api, 0.0%] → 2B31.Y&XH1VJ3 ;; Enfermedad de Castleman multifocal → Enfermedad de Castleman multicéntrica idiopática [semantic, 0.0%] → 4B2Y ;; Sarcoidosis sistémica → 4B20.Z [who_api, 0.0%] → 4B20.Z ;; Linfoma de células B plasmocitos → NR-ONCOL-001 [nr, 0.0%] → NR-ONCOL-001"
,0,"[""1F2C"", ""1F2Z"", ""RA01"", ""4A44"", ""NR-DERM-001""]","[""N/A"", ""N/A"", ""N/A"", ""1-9 / 100 000"", ""N/A""]","[""common"", ""common"", ""common"", ""very_rare"", ""unclassified""]",Mucormicosis cutánea diseminada | Infección fúngica sistémica | Manifestación cutánea de COVID‑19 | Vasculitis | Necrólisis cutánea por warfarina o ITP,"Mucormicosis cutánea diseminada → 1F2C [who_api, 0.0%] → 1F2C ;; Infección fúngica sistémica → 1F2Z [who_api, 0.0%] → 1F2Z ;; Manifestación cutánea de COVID‑19 → RA01 [who_api, 0.0%] → RA01 ;; Vasculitis → Vasculitis [exact, 100.0%] → 4A44 ;; Necrólisis cutánea por warfarina o ITP → NR-DERM-001 [nr, 0.0%] → NR-DERM-001"
,0,"[""JB4Z"", ""JB4Z"", ""6E20"", ""6B00"", ""6B40""]","[""N/A"", ""N/A"", ""N/A"", ""N/A"", ""N/A""]","[""common"", ""common"", ""common"", ""common"", ""common""]",Trastorno obsesivo compulsivo posparto | Trastorno de ansiedad posparto | Depresión posparto | Trastorno de ansiedad generalizada | Trastorno de estrés postraumático posparto,"Trastorno obsesivo compulsivo posparto → JB4Z [who_api, 0.0%] → JB4Z ;; Trastorno de ansiedad posparto → JB4Z [who_api, 0.0%] → JB4Z ;; Depresión posparto → 6E20 [who_api, 0.0%] → 6E20 ;; Trastorno de ansiedad generalizada → 6B00 [who_api, 0.0%] → 6B00 ;; Trastorno de estrés postraumático posparto → 6B40 [who_api, 0.0%] → 6B40"
,0,"[""EB20"", ""EB21"", ""1G40"", ""EB2Y"", ""NR-OTR-011""]","[""Desconocido"", ""Desconocido"", ""N/A"", ""N/A"", ""N/A""]","[""unknown"", ""unknown"", ""common"", ""common"", ""unclassified""]",Síndrome de Sweet | Pyoderma gangrenoso | Sepsis subclínica | Dermatosis neutrofilica inducida por fármacos | Respuesta inflamatoria sistémica grave,"Síndrome de Sweet → Síndrome de Sweet [exact, 100.0%] → EB20 ;; Pyoderma gangrenoso → Pioderma gangrenoso [fuzzy_validated, 94.7%] → EB21 ;; Sepsis subclínica → 1G40 [who_api, 0.0%] → 1G40 ;; Dermatosis neutrofilica inducida por fármacos → EB2Y [who_api, 0.0%] → EB2Y ;; Respuesta inflamatoria sistémica grave → NR-OTR-011 [nr, 0.0%] → NR-OTR-011"
,0,"[""NR-REN-003"", ""GB90.3"", ""JA61.Y"", ""DC13"", ""DC31.Y""]","[""N/A"", ""Desconocido"", ""N/A"", ""N/A"", ""N/A""]","[""unclassified"", ""unknown"", ""common"", ""common"", ""common""]",Trombo séptico de vena renal | Trombosis de vena renal | Trombosis venosa | Colangitis aguda | Pancreatitis necrotizante,"Trombo séptico de vena renal → NR-REN-003 [nr, 0.0%] → NR-REN-003 ;; Trombosis de vena renal → Trombosis venosa renal neonatal [semantic, 0.0%] → GB90.3 ;; Trombosis venosa → JA61.Y [who_api, 0.0%] → JA61.Y ;; Colangitis aguda → DC13 [who_api, 0.0%] → DC13 ;; Pancreatitis necrotizante → DC31.Y [who_api, 0.0%] → DC31.Y"
,0,"[""2F76&XA1QK0"", ""2C73.2"", ""2F32.Y"", ""2C73.0Z"", ""2C73.1""]","[""N/A"", ""1-9 / 1 000 000"", ""N/A"", ""N/A"", ""Desconocido""]","[""common"", ""ultra_rare"", ""common"", ""common"", ""unknown""]",Tumor granulosa‑célula juvenil | Tumor granulosa‑célula adulta | Cistadenoma seroso | Carcinoma seroso de ovario | Disgerminoma,"Tumor granulosa‑célula juvenil → 2F76&XA1QK0 [who_api, 0.0%] → 2F76&XA1QK0 ;; Tumor granulosa‑célula adulta → Tumor maligno de células de la granulosa de ovario [semantic, 0.0%] → 2C73.2 ;; Cistadenoma seroso → Cistadenoma seroso de la infancia [semantic_who, 0.0%] → 2F32.Y ;; Carcinoma seroso de ovario → 2C73.0Z [who_api, 0.0%] → 2C73.0Z ;; Disgerminoma → Disgerminoma ovárico [semantic, 0.0%] → 2C73.1"
,0,"[""CA40.20"", ""CA40.Z"", ""1F2A"", ""2D70"", ""NR-RESP-005""]","[""N/A"", ""N/A"", ""N/A"", ""N/A"", ""N/A""]","[""common"", ""common"", ""unclassified"", ""common"", ""unclassified""]",Neumonía por Pneumocystis jirovecii | Neumonía organizadora | Histoplasmosis pulmonar | Neoplasia pulmonar metastásica | Enfermedad intersticial idiopática,"Neumonía por Pneumocystis jirovecii → CA40.20 [who_api, 0.0%] → CA40.20 ;; Neumonía organizadora → CA40.Z [who_api, 0.0%] → CA40.Z ;; Histoplasmosis pulmonar → Histoplasmosis [semantic, 0.0%] → 1F2A ;; Neoplasia pulmonar metastásica → 2D70 [who_api, 0.0%] → 2D70 ;; Enfermedad intersticial idiopática → NR-RESP-005 [nr, 0.0%] → NR-RESP-005"
,0,"[""2A85.5"", ""2A83.1"", ""2A83.1"", ""CA0A.Z&XA1R64"", ""4B2Y""]","[""1-9 / 100 000"", ""1-5 / 10 000"", ""1-5 / 10 000"", ""N/A"", ""Desconocido""]","[""very_rare"", ""unknown"", ""unknown"", ""common"", ""unknown""]",Linfoma de células B del manto | Mieloma múltiple | Neoplasia plasmocítica extramedular | Enfermedad del seno maxilar | Enfermedad de Castleman,"Linfoma de células B del manto → Linfoma de células del manto [fuzzy_validated, 96.6%] → 2A85.5 ;; Mieloma múltiple → Mieloma múltiple [exact, 100.0%] → 2A83.1 ;; Neoplasia plasmocítica extramedular → Mieloma múltiple [semantic, 0.0%] → 2A83.1 ;; Enfermedad del seno maxilar → CA0A.Z&XA1R64 [who_api, 0.0%] → CA0A.Z&XA1R64 ;; Enfermedad de Castleman → Enfermedad de Castleman [exact, 100.0%] → 4B2Y"
,0,"[""CA40.0Z"", ""RA01"", ""1E32"", ""NR-INFEC-005"", ""CB00""]","[""N/A"", ""N/A"", ""N/A"", ""N/A"", ""1-5 / 10 000""]","[""common"", ""common"", ""common"", ""unclassified"", ""unknown""]",Neumonía bacteriana | COVID‑19 | Influenza A | Sepsis pulmonar gram‑negativa | Síndrome de distrés respiratorio agudo,"Neumonía bacteriana → CA40.0Z [who_api, 0.0%] → CA40.0Z ;; COVID‑19 → RA01 [who_api, 0.0%] → RA01 ;; Influenza A → 1E32 [who_api, 0.0%] → 1E32 ;; Sepsis pulmonar gram‑negativa → NR-INFEC-005 [nr, 0.0%] → NR-INFEC-005 ;; Síndrome de distrés respiratorio agudo → Síndrome de dificultad respiratoria agudo del adulto [semantic, 0.0%] → CB00"
,0,"[""1A11.1"", ""8C01.0"", ""KA65.4"", ""NR-OTR-013"", ""8C72""]","[""Desconocido"", ""1-9 / 100 000"", ""N/A"", ""N/A"", ""1-9 / 100 000""]","[""unknown"", ""very_rare"", ""common"", ""unclassified"", ""very_rare""]",Botulismo infantil | Síndrome de Guillain‑Barré agudo | Meningitis neonatal | Trastorno del metabolismo de la vía de la urea | Miopatía neuromuscular congénita,"Botulismo infantil → Botulismo infantil [exact, 100.0%] → 1A11.1 ;; Síndrome de Guillain‑Barré agudo → Síndrome de Guillain-Barré [semantic, 0.0%] → 8C01.0 ;; Meningitis neonatal → KA65.4 [who_api, 0.0%] → KA65.4 ;; Trastorno del metabolismo de la vía de la urea → NR-OTR-013 [nr, 0.0%] → NR-OTR-013 ;; Miopatía neuromuscular congénita → Miopatía congénita [semantic, 0.0%] → 8C72"
,0,"[""1H0Z"", ""2C82.Y"", ""2B33.5"", ""2D41"", ""GB21.Y""]","[""N/A"", ""N/A"", ""N/A"", ""N/A"", ""1-9 / 100 000""]","[""common"", ""common"", ""common"", ""common"", ""very_rare""]",Infección periprotésica | Metástasis ósea de carcinoma de próstata | Linfoma de hueso | Carcinoma metastático | Infección granulomatosa,"Infección periprotésica → 1H0Z [who_api, 0.0%] → 1H0Z ;; Metástasis ósea de carcinoma de próstata → 2C82.Y [who_api, 0.0%] → 2C82.Y ;; Linfoma de hueso → 2B33.5 [who_api, 0.0%] → 2B33.5 ;; Carcinoma metastático → 2D41 [who_api, 0.0%] → 2D41 ;; Infección granulomatosa → Mastitis granulomatosa [semantic, 0.0%] → GB21.Y"
,0,"[""NR-NEUR-011"", ""1C31.Z"", ""NR-INFEC-009"", ""1C11.Z"", ""1D01.0Z""]","[""N/A"", ""N/A"", ""N/A"", ""N/A"", ""N/A""]","[""unclassified"", ""common"", ""unclassified"", ""common"", ""common""]",Neuroborreliosis | Fiebre maculosa | Ehrlichiosis granulocítica humana | Bartonelosis | Meningitis bacteriana,"Neuroborreliosis → NR-NEUR-011 [nr, 0.0%] → NR-NEUR-011 ;; Fiebre maculosa → 1C31.Z [who_api, 0.0%] → 1C31.Z ;; Ehrlichiosis granulocítica humana → NR-INFEC-009 [nr, 0.0%] → NR-INFEC-009 ;; Bartonelosis → 1C11.Z [who_api, 0.0%] → 1C11.Z ;; Meningitis bacteriana → 1D01.0Z [who_api, 0.0%] → 1D01.0Z"
,0,"[""NR-GAST-005"", ""DA43.0"", ""DB34.0"", ""DB98.5"", ""2F90.Z""]","[""N/A"", ""N/A"", ""N/A"", ""1-9 / 100 000"", ""N/A""]","[""unclassified"", ""common"", ""common"", ""very_rare"", ""common""]",Várices ectópicas en la hepático‑yeyunostomía | Várices esofágicas o gástricas | Angiodisplasia intestinal | Síndrome de Budd‑Chiari | Neoplasia gastrointestinal oculta,"Várices ectópicas en la hepático‑yeyunostomía → NR-GAST-005 [nr, 0.0%] → NR-GAST-005 ;; Várices esofágicas o gástricas → DA43.0 [who_api, 0.0%] → DA43.0 ;; Angiodisplasia intestinal → Malformación arteriovenosa del tracto gastrointestinal [semantic_who, 0.0%] → DB34.0 ;; Síndrome de Budd‑Chiari → Síndrome de Budd-Chiari [fuzzy_validated, 95.7%] → DB98.5 ;; Neoplasia gastrointestinal oculta → 2F90.Z [who_api, 0.0%] → 2F90.Z"
,0,"[""NR-MUSC-006"", ""NR-MUSC-005"", ""2E81.0Z"", ""2E83.Z"", ""2F7Z""]","[""N/A"", ""N/A"", ""N/A"", ""N/A"", ""N/A""]","[""unclassified"", ""unclassified"", ""common"", ""common"", ""common""]",Fibroma osificante juvenil psamomóide | Fibroma osificante juvenil trabecular | Hemangioma ectópico | Osteoma sinusal | Papiloma invertido nasal,"Fibroma osificante juvenil psamomóide → NR-MUSC-006 [nr, 0.0%] → NR-MUSC-006 ;; Fibroma osificante juvenil trabecular → NR-MUSC-005 [nr, 0.0%] → NR-MUSC-005 ;; Hemangioma ectópico → 2E81.0Z [who_api, 0.0%] → 2E81.0Z ;; Osteoma sinusal → 2E83.Z [who_api, 0.0%] → 2E83.Z ;; Papiloma invertido nasal → 2F7Z [who_api, 0.0%] → 2F7Z"
,0,"[""8A80.4"", ""DD93.Y"", ""DD90.3"", ""DA61"", ""MD81.4""]","[""N/A"", ""N/A"", ""N/A"", ""N/A"", ""N/A""]","[""common"", ""common"", ""common"", ""common"", ""common""]",Síndrome de vómitos cíclicos | Migraña abdominal | Dispepsia funcional | Úlcera péptica | Dolor abdominal psicógeno,"Síndrome de vómitos cíclicos → 8A80.4 [who_api, 0.0%] → 8A80.4 ;; Migraña abdominal → DD93.Y [who_api, 0.0%] → DD93.Y ;; Dispepsia funcional → DD90.3 [who_api, 0.0%] → DD90.3 ;; Úlcera péptica → DA61 [who_api, 0.0%] → DA61 ;; Dolor abdominal psicógeno → MD81.4 [who_api, 0.0%] → MD81.4"
,0,"[""NR-CARD-003"", ""BC42.0"", ""NR-OTR-015"", ""BC43.5"", ""DB98.3""]","[""N/A"", ""Desconocido"", ""N/A"", ""Desconocido"", ""Desconocido""]","[""unclassified"", ""unknown"", ""unclassified"", ""unknown"", ""unknown""]",Miocarditis pericárdica post‑COVID‑19 | Miocarditis de células gigantes | Síndrome inflamatorio autoinmune sistémico | Cardiomiopatía de Takotsubo | Fiebre Q,"Miocarditis pericárdica post‑COVID‑19 → NR-CARD-003 [nr, 0.0%] → NR-CARD-003 ;; Miocarditis de células gigantes → Miocarditis idiopática de células gigantes [semantic, 0.0%] → BC42.0 ;; Síndrome inflamatorio autoinmune sistémico → NR-OTR-015 [nr, 0.0%] → NR-OTR-015 ;; Cardiomiopatía de Takotsubo → Miocardiopatía de tako-tsubo [semantic, 0.0%] → BC43.5 ;; Fiebre Q → Fiebre Q [exact, 100.0%] → DB98.3"
,0,"[""3A20.5"", ""3A21.0"", ""2A3Z"", ""3A20"", ""3A70.Z""]","[""1-9 / 1 000 000"", ""1-9 / 100 000"", ""1-9 / 100 000"", ""1-5 / 10 000"", ""N/A""]","[""ultra_rare"", ""very_rare"", ""very_rare"", ""unknown"", ""common""]",Síndrome de Evans | Hemoglobinuria paroxística nocturna | Síndrome mielodisplásico | Anemia hemolítica autoinmune | Aplasia medular,"Síndrome de Evans → Síndrome de Evans [exact, 100.0%] → 3A20.5 ;; Hemoglobinuria paroxística nocturna → Hemoglobinuria paroxística nocturna [exact, 100.0%] → 3A21.0 ;; Síndrome mielodisplásico → Síndrome mielodisplásico [exact_who, 100.0%] → 2A3Z ;; Anemia hemolítica autoinmune → Anemia hemolítica autoinmune [exact, 100.0%] → 3A20 ;; Aplasia medular → 3A70.Z [who_api, 0.0%] → 3A70.Z"
,0,"[""LD27.01"", ""5B5K.2"", ""NR-GAST-013"", ""DD7Z"", ""NR-GAST-015""]","[""Desconocido"", ""N/A"", ""N/A"", ""N/A"", ""N/A""]","[""unknown"", ""common"", ""unclassified"", ""common"", ""unclassified""]",Síndrome de Cronkhite‑Canada | Deficiencia de zinc | Celiquía | Enfermedad inflamatoria intestinal | Enteropatía inducida por medicina tradicional china,"Síndrome de Cronkhite‑Canada → Síndrome de Cronkhite-Canada [semantic, 0.0%] → LD27.01 ;; Deficiencia de zinc → 5B5K.2 [who_api, 0.0%] → 5B5K.2 ;; Celiquía → NR-GAST-013 [nr, 0.0%] → NR-GAST-013 ;; Enfermedad inflamatoria intestinal → Enfermedad inflamatoria intestinal rara [fuzzy_validated_who, 93.2%] → DD7Z ;; Enteropatía inducida por medicina tradicional china → NR-GAST-015 [nr, 0.0%] → NR-GAST-015"
,0,"[""EB20"", ""EF00.Y"", ""NR-DERM-007"", ""FA11.2"", ""FB84.Z""]","[""Desconocido"", ""Desconocido"", ""N/A"", ""1-9 / 100 000"", ""N/A""]","[""unknown"", ""unknown"", ""unclassified"", ""very_rare"", ""common""]",Síndrome de Sweet | Panniculitis idiopática | Monopatología cutánea | Artritis reactiva | Osteomielitis,"Síndrome de Sweet → Síndrome de Sweet [exact, 100.0%] → EB20 ;; Panniculitis idiopática → Paniculitis nodular no supurativa [semantic, 0.0%] → EF00.Y ;; Monopatología cutánea → NR-DERM-007 [nr, 0.0%] → NR-DERM-007 ;; Artritis reactiva → Artritis reactiva [exact, 100.0%] → FA11.2 ;; Osteomielitis → FB84.Z [who_api, 0.0%] → FB84.Z"
,0,"[""NR-ONCOL-006"", ""NR-ONCOL-005"", ""2C6Y"", ""2B56"", ""2E65.5""]","[""N/A"", ""N/A"", ""<1 / 1 000 000"", ""<1 / 1 000 000"", ""1-9 / 1 000 000""]","[""unclassified"", ""unclassified"", ""ultra_rare"", ""ultra_rare"", ""ultra_rare""]",Carcinoma ductal invasivo | Carcinoma de phyllodes | Carcinoma metaplásico | Angiosarcoma de mama | Paget mamario,"Carcinoma ductal invasivo → NR-ONCOL-006 [nr, 0.0%] → NR-ONCOL-006 ;; Carcinoma de phyllodes → NR-ONCOL-005 [nr, 0.0%] → NR-ONCOL-005 ;; Carcinoma metaplásico → Carcinoma metaplásico de mama [semantic, 0.0%] → 2C6Y ;; Angiosarcoma de mama → Angiosarcoma [semantic, 0.0%] → 2B56 ;; Paget mamario → Enfermedad de Paget del pezón [semantic, 0.0%] → 2E65.5"
,0,"[""NR-INFEC-014"", ""NR-INFEC-013"", ""FC01.8"", ""1B21.0"", ""NR-ONCOL-008""]","[""N/A"", ""N/A"", ""N/A"", ""1-9 / 100 000"", ""N/A""]","[""unclassified"", ""unclassified"", ""common"", ""very_rare"", ""unclassified""]",Infección protésica por Mycobacterium bovis | Infección protésica crónica | Osteólisis periprotésica | Infección por micobacterias no tuberculosas | Tumor o pseudotumor,"Infección protésica por Mycobacterium bovis → NR-INFEC-014 [nr, 0.0%] → NR-INFEC-014 ;; Infección protésica crónica → NR-INFEC-013 [nr, 0.0%] → NR-INFEC-013 ;; Osteólisis periprotésica → FC01.8 [who_api, 0.0%] → FC01.8 ;; Infección por micobacterias no tuberculosas → Infección pulmonar por micobacterias no tuberculosas [fuzzy_validated, 90.5%] → 1B21.0 ;; Tumor o pseudotumor → NR-ONCOL-008 [nr, 0.0%] → NR-ONCOL-008"
,0,"[""JB42.1"", ""JA43.Z"", ""JB02.2"", ""JB42.2"", ""MG40.1""]","[""Desconocido"", ""N/A"", ""N/A"", ""N/A"", ""N/A""]","[""unknown"", ""common"", ""common"", ""common"", ""common""]",Embolia de suero amniótico | Hemorragia posparto | Atonía uterina | Embolia pulmonar obstétrica | Shock hipovolémico,"Embolia de suero amniótico → Embolia de líquido amniótico [fuzzy_validated, 85.2%] → JB42.1 ;; Hemorragia posparto → JA43.Z [who_api, 0.0%] → JA43.Z ;; Atonía uterina → JB02.2 [who_api, 0.0%] → JB02.2 ;; Embolia pulmonar obstétrica → JB42.2 [who_api, 0.0%] → JB42.2 ;; Shock hipovolémico → MG40.1 [who_api, 0.0%] → MG40.1"
,0,"[""1F2C"", ""CA82.4"", ""1C1B.Y"", ""CA43.2"", ""1G40""]","[""Desconocido"", ""Desconocido"", ""Desconocido"", ""N/A"", ""N/A""]","[""unknown"", ""unknown"", ""unknown"", ""common"", ""common""]",Mucormicosis pulmonar | Aspergilosis pulmonar | Nocardiosis pulmonar | Absceso pulmonar bacteriano | Sepsis/embolismo microvascular,"Mucormicosis pulmonar → Zigomicosis [semantic, 0.0%] → 1F2C ;; Aspergilosis pulmonar → Aspergilosis bronco-pulmonar alérgica [semantic, 0.0%] → CA82.4 ;; Nocardiosis pulmonar → Nocardiosis [semantic, 0.0%] → 1C1B.Y ;; Absceso pulmonar bacteriano → CA43.2 [who_api, 0.0%] → CA43.2 ;; Sepsis/embolismo microvascular → 1G40 [who_api, 0.0%] → 1G40"
,0,"[""DC12.0Z"", ""DC11.6"", ""DC31.2"", ""BB20.Z"", ""DB94.1Z""]","[""N/A"", ""N/A"", ""N/A"", ""N/A"", ""N/A""]","[""common"", ""common"", ""common"", ""common"", ""common""]",Colecistitis aguda | Coledocolitiasis | Pancreatitis biliar | Pericarditis aguda | Hepatitis alcohólica,"Colecistitis aguda → DC12.0Z [who_api, 0.0%] → DC12.0Z ;; Coledocolitiasis → DC11.6 [who_api, 0.0%] → DC11.6 ;; Pancreatitis biliar → DC31.2 [who_api, 0.0%] → DC31.2 ;; Pericarditis aguda → BB20.Z [who_api, 0.0%] → BB20.Z ;; Hepatitis alcohólica → DB94.1Z [who_api, 0.0%] → DB94.1Z"
,0,"[""CA40.20"", ""1D82.Y/CA40.1Z"", ""1B21.0"", ""CA4Z"", ""CA40.0Z""]","[""N/A"", ""N/A"", ""1-9 / 100 000"", ""N/A"", ""N/A""]","[""common"", ""common"", ""very_rare"", ""common"", ""common""]",Neumonía por Pneumocystis jirovecii | Neumonía por citomegalovirus | Enfermedad pulmonar por Mycobacterium avium complex | Infección pulmonar invasiva por Aspergillus | Neumonía bacteriana oportunista,"Neumonía por Pneumocystis jirovecii → CA40.20 [who_api, 0.0%] → CA40.20 ;; Neumonía por citomegalovirus → 1D82.Y/CA40.1Z [who_api, 0.0%] → 1D82.Y/CA40.1Z ;; Enfermedad pulmonar por Mycobacterium avium complex → Infección pulmonar por micobacterias no tuberculosas [semantic, 0.0%] → 1B21.0 ;; Infección pulmonar invasiva por Aspergillus → CA4Z [who_api, 0.0%] → CA4Z ;; Neumonía bacteriana oportunista → CA40.0Z [who_api, 0.0%] → CA40.0Z"
,0,"[""NR-INFEC-021"", ""NR-INFEC-020"", ""1C1B.Y"", ""1B95"", ""1F2C""]","[""N/A"", ""N/A"", ""Desconocido"", ""<1 / 1 000 000"", ""Desconocido""]","[""unclassified"", ""unclassified"", ""unknown"", ""ultra_rare"", ""unknown""]",Estafilococo aureus | Klebsiella pneumoniae | Nocardiosis | Brucelosis | Mucormicosis,"Estafilococo aureus → NR-INFEC-021 [nr, 0.0%] → NR-INFEC-021 ;; Klebsiella pneumoniae → NR-INFEC-020 [nr, 0.0%] → NR-INFEC-020 ;; Nocardiosis → Nocardiosis [exact, 100.0%] → 1C1B.Y ;; Brucelosis → Brucelosis [exact, 100.0%] → 1B95 ;; Mucormicosis → Zigomicosis [exact, 100.0%] → 1F2C"
,0,"[""1G04"", ""4B07"", ""EA00"", ""EA80.Z"", ""EA8Z""]","[""N/A"", ""N/A"", ""N/A"", ""N/A"", ""N/A""]","[""common"", ""common"", ""common"", ""common"", ""common""]",Sarna | Reacción de hipersensibilidad por fármacos | Exantema viral | Dermatitis atópica | Dermatitis por insectos,"Sarna → 1G04 [who_api, 0.0%] → 1G04 ;; Reacción de hipersensibilidad por fármacos → 4B07 [who_api, 0.0%] → 4B07 ;; Exantema viral → EA00 [who_api, 0.0%] → EA00 ;; Dermatitis atópica → EA80.Z [who_api, 0.0%] → EA80.Z ;; Dermatitis por insectos → EA8Z [who_api, 0.0%] → EA8Z"
,0,"[""2F98&XA6KU8"", ""LA90.40"", ""BA04.Y"", ""NR-REN-004"", ""2F37.Z""]","[""N/A"", ""N/A"", ""Desconocido"", ""N/A"", ""N/A""]","[""common"", ""unclassified"", ""unknown"", ""unclassified"", ""common""]",Reninoma | Estenosis de la arteria renal | Síndrome de Liddle | Tumor renino productor de renina | Adenoma adrenal,"Reninoma → 2F98&XA6KU8 [who_api, 0.0%] → 2F98&XA6KU8 ;; Estenosis de la arteria renal → Estenosis arterial renal congénita [semantic, 0.0%] → LA90.40 ;; Síndrome de Liddle → Síndrome de Liddle [exact, 100.0%] → BA04.Y ;; Tumor renino productor de renina → NR-REN-004 [nr, 0.0%] → NR-REN-004 ;; Adenoma adrenal → 2F37.Z [who_api, 0.0%] → 2F37.Z"
,0,"[""BC43.Z"", ""BC43.0Z"", ""BC43.01"", ""BB40"", ""4B20.1""]","[""N/A"", ""N/A"", ""N/A"", ""Desconocido"", ""6-9 / 10 000""]","[""common"", ""common"", ""common"", ""unknown"", ""rare""]",Cardiomiopatía de Chagas | Cardiomiopatía dilatada no isquémica | Cardiomiopatía alcohólica | Endocarditis infecciosa | Sarcoidosis cardíaca,"Cardiomiopatía de Chagas → BC43.Z [who_api, 0.0%] → BC43.Z ;; Cardiomiopatía dilatada no isquémica → Miocardiopatía dilatada grave por una mutación en el gen de la lamina A/C [semantic_who, 0.0%] → BC43.0Z ;; Cardiomiopatía alcohólica → BC43.01 [who_api, 0.0%] → BC43.01 ;; Endocarditis infecciosa → Endocarditis infecciosa [exact, 100.0%] → BB40 ;; Sarcoidosis cardíaca → Sarcoidosis [semantic, 0.0%] → 4B20.1"
,0,"[""8E4A.0"", ""9C85.02"", ""8E4A.0"", ""NR-NEUR-012"", ""NR-NEUR-013""]","[""Desconocido"", ""Desconocido"", ""N/A"", ""N/A"", ""N/A""]","[""unknown"", ""unknown"", ""common"", ""unclassified"", ""unclassified""]",Encefalitis anti‑NMDA receptor | Síndrome opsoclonus‑myoclonus | Encefalitis limbíca | Encefalitis anti‑CASPR2 | Encefalitis anti‑MOG,"Encefalitis anti‑NMDA receptor → Encefalitis del receptor NMDA [semantic_who, 0.0%] → 8E4A.0 ;; Síndrome opsoclonus‑myoclonus → Síndrome opsoclono-mioclono [semantic, 0.0%] → 9C85.02 ;; Encefalitis limbíca → 8E4A.0 [who_api, 0.0%] → 8E4A.0 ;; Encefalitis anti‑CASPR2 → NR-NEUR-012 [nr, 0.0%] → NR-NEUR-012 ;; Encefalitis anti‑MOG → NR-NEUR-013 [nr, 0.0%] → NR-NEUR-013"
,0,"[""KA62.0"", ""KA62.3"", ""KA62.8"", ""KA64.0"", ""NR-NEUR-017""]","[""N/A"", ""1-5 / 10 000"", ""Desconocido"", ""Desconocido"", ""N/A""]","[""common"", ""unknown"", ""unknown"", ""unknown"", ""unclassified""]",Síndrome congénito por Zika | Infección congénita por citomegalovirus | Síndrome congénito por rubéola | Infección congénita por toxoplasmosis | Lissencefalia,"Síndrome congénito por Zika → KA62.0 [who_api, 0.0%] → KA62.0 ;; Infección congénita por citomegalovirus → Síndrome de citomegalovirus fetal [semantic, 0.0%] → KA62.3 ;; Síndrome congénito por rubéola → Síndrome de rubéola congénita [fuzzy_validated, 88.1%] → KA62.8 ;; Infección congénita por toxoplasmosis → Toxoplasmosis congénita [semantic, 0.0%] → KA64.0 ;; Lissencefalia → NR-NEUR-017 [nr, 0.0%] → NR-NEUR-017"
,0,"[""4A44.92"", ""4A44.5"", ""4A44.Z"", ""EH65"", ""4A40.0""]","[""Desconocido"", ""Desconocido"", ""N/A"", ""Desconocido"", ""1-5 / 10 000""]","[""unknown"", ""unknown"", ""common"", ""unknown"", ""unknown""]",Vasculitis por IgA | Enfermedad de Kawasaki | Vasculitis infecciosa | Síndrome de DRESS | Lupus eritematoso sistémico,"Vasculitis por IgA → Vasculitis por inmunoglobulina A [fuzzy_validated, 87.5%] → 4A44.92 ;; Enfermedad de Kawasaki → Enfermedad de Kawasaki [exact, 100.0%] → 4A44.5 ;; Vasculitis infecciosa → 4A44.Z [who_api, 0.0%] → 4A44.Z ;; Síndrome de DRESS → Reacción a fármacos con eosinofilia y síntomas sistémicos [fuzzy_validated, 90.3%] → EH65 ;; Lupus eritematoso sistémico → Lupus eritematoso sistémico [exact, 100.0%] → 4A40.0"
,0,"[""1F04"", ""1F02"", ""EB12.Z"", ""NR-DERM-011"", ""EA12""]","[""N/A"", ""N/A"", ""N/A"", ""N/A"", ""N/A""]","[""common"", ""common"", ""common"", ""unclassified"", ""common""]",Eritema infeccioso | Rubéola | Eritema multiforme | Pityriasis rosea | Síndrome de Gianotti-Crosti,"Eritema infeccioso → 1F04 [who_api, 0.0%] → 1F04 ;; Rubéola → 1F02 [who_api, 0.0%] → 1F02 ;; Eritema multiforme → Eritema multiforme mayor [fuzzy_validated_who, 85.7%] → EB12.Z ;; Pityriasis rosea → NR-DERM-011 [nr, 0.0%] → NR-DERM-011 ;; Síndrome de Gianotti-Crosti → EA12 [who_api, 0.0%] → EA12"
,0,"[""1F54.2"", ""1F54.2"", ""2B31.2"", ""EE80.0"", ""1F24""]","[""1-9 / 1 000 000"", ""1-9 / 1 000 000"", ""1-9 / 100 000"", ""N/A"", ""Desconocido""]","[""ultra_rare"", ""ultra_rare"", ""very_rare"", ""common"", ""unknown""]",Leishmaniasis cutánea | Leishmaniasis mucocutánea | Histiocitosis de células de Langerhans | Granuloma anular | Cromoblastomicosis,"Leishmaniasis cutánea → Leishmaniasis [semantic, 0.0%] → 1F54.2 ;; Leishmaniasis mucocutánea → Leishmaniasis [semantic, 0.0%] → 1F54.2 ;; Histiocitosis de células de Langerhans → Histiocitosis de células de Langerhans [exact, 100.0%] → 2B31.2 ;; Granuloma anular → EE80.0 [who_api, 0.0%] → EE80.0 ;; Cromoblastomicosis → Cromomicosis [exact, 100.0%] → 1F24"
,0,"[""1F52"", ""1C32"", ""1B91"", ""DB98.3"", ""RA01""]","[""<1 / 1 000 000"", ""Desconocido"", ""1-9 / 1 000 000"", ""Desconocido"", ""N/A""]","[""ultra_rare"", ""unknown"", ""ultra_rare"", ""unknown"", ""common""]",Babesiosis | Rickettsiosis de fiebre enrojecida | Leptospirosis | Fiebre Q | COVID-19,"Babesiosis → Babesiosis [exact, 100.0%] → 1F52 ;; Rickettsiosis de fiebre enrojecida → Rickettsiosis exantemática [semantic, 0.0%] → 1C32 ;; Leptospirosis → Leptospirosis [exact, 100.0%] → 1B91 ;; Fiebre Q → Fiebre Q [exact, 100.0%] → DB98.3 ;; COVID-19 → RA01 [who_api, 0.0%] → RA01"
,0,"[""3B64.14"", ""3A21.0"", ""XH4XG8"", ""NR-HEMAT-011"", ""3A10.Y""]","[""Desconocido"", ""1-9 / 100 000"", ""1-9 / 100 000"", ""N/A"", ""1-9 / 100 000""]","[""unknown"", ""very_rare"", ""very_rare"", ""unclassified"", ""very_rare""]",Púrpura trombocitopénica trombótica | Hemoglobinuria paroxística nocturna | Leucemia mieloide crónica | Trombosis microangiopática asociada a neoplasia | Síndrome hemolítico‑urémico atípico,"Púrpura trombocitopénica trombótica → Púrpura trombótica trombocitopénica [fuzzy_validated, 100.0%] → 3B64.14 ;; Hemoglobinuria paroxística nocturna → Hemoglobinuria paroxística nocturna [exact, 100.0%] → 3A21.0 ;; Leucemia mieloide crónica → Leucemia mieloide crónica [exact, 100.0%] → XH4XG8 ;; Trombosis microangiopática asociada a neoplasia → NR-HEMAT-011 [nr, 0.0%] → NR-HEMAT-011 ;; Síndrome hemolítico‑urémico atípico → Síndrome hemolítico urémico atípico [semantic, 0.0%] → 3A10.Y"
,0,"[""3A20.3"", ""MA16.00"", ""3A20"", ""1F52"", ""3A20.5""]","[""1-9 / 1 000 000"", ""N/A"", ""1-5 / 10 000"", ""<1 / 1 000 000"", ""1-9 / 1 000 000""]","[""ultra_rare"", ""common"", ""unknown"", ""ultra_rare"", ""ultra_rare""]",Hemoglobinuria paroxística fría | Hemólisis por Epstein-Barr | Anemia hemolítica autoinmune cálida | Babesiosis | Síndrome de Evans,"Hemoglobinuria paroxística fría → Hemoglobinuria paroxística por frío [fuzzy_validated, 90.9%] → 3A20.3 ;; Hemólisis por Epstein-Barr → MA16.00 [who_api, 0.0%] → MA16.00 ;; Anemia hemolítica autoinmune cálida → Anemia hemolítica autoinmune [fuzzy_validated, 88.9%] → 3A20 ;; Babesiosis → Babesiosis [exact, 100.0%] → 1F52 ;; Síndrome de Evans → Síndrome de Evans [exact, 100.0%] → 3A20.5"
,0,"[""1F20.0Y"", ""1F2C"", ""1C1B.Y"", ""1F27.Y"", ""NR-ONCOL-011""]","[""N/A"", ""N/A"", ""Desconocido"", ""Desconocido"", ""N/A""]","[""common"", ""common"", ""unknown"", ""unknown"", ""unclassified""]",Aspergilosis pulmonar invasiva | Mucormicosis pulmonar | Nocardiosis pulmonar | Criptococosis pulmonar | Carcinoma bronquiolo-alveolar,"Aspergilosis pulmonar invasiva → 1F20.0Y [who_api, 0.0%] → 1F20.0Y ;; Mucormicosis pulmonar → 1F2C [who_api, 0.0%] → 1F2C ;; Nocardiosis pulmonar → Nocardiosis [semantic, 0.0%] → 1C1B.Y ;; Criptococosis pulmonar → Criptococosis [semantic, 0.0%] → 1F27.Y ;; Carcinoma bronquiolo-alveolar → NR-ONCOL-011 [nr, 0.0%] → NR-ONCOL-011"
,1,"[""DB98.3"", ""1B21.0"", ""1B10"", ""1F20"", ""BB00.Z""]","[""Desconocido"", ""1-9 / 100 000"", ""N/A"", ""Desconocido"", ""N/A""]","[""unknown"", ""very_rare"", ""unclassified"", ""unknown"", ""common""]",Fiebre Q | Micobacterias no tuberculosas | Tuberculosis pulmonar | Aspergilosis | Embolia pulmonar,"Fiebre Q → Fiebre Q [exact, 100.0%] → DB98.3 ;; Micobacterias no tuberculosas → Infección pulmonar por micobacterias no tuberculosas [semantic, 0.0%] → 1B21.0 ;; Tuberculosis pulmonar → Tuberculosis pulmonar primaria [semantic, 0.0%] → 1B10 ;; Aspergilosis → Aspergilosis [exact, 100.0%] → 1F20 ;; Embolia pulmonar → BB00.Z [who_api, 0.0%] → BB00.Z"
,1,"[""DA42.Z"", ""8A80.4"", ""DA52.Y"", ""DD7Z"", ""DC31.Z""]","[""N/A"", ""N/A"", ""N/A"", ""N/A"", ""N/A""]","[""common"", ""common"", ""unclassified"", ""common"", ""common""]",Gastritis | Síndrome de vómitos cíclicos | Síndrome de la arteria mesentérica superior | Enfermedad inflamatoria intestinal | Pancreatitis aguda,"Gastritis → DA42.Z [who_api, 0.0%] → DA42.Z ;; Síndrome de vómitos cíclicos → 8A80.4 [who_api, 0.0%] → 8A80.4 ;; Síndrome de la arteria mesentérica superior → Síndrome de la arteria mesentérica superior [exact, 100.0%] → DA52.Y ;; Enfermedad inflamatoria intestinal → Enfermedad inflamatoria intestinal rara [fuzzy_validated_who, 93.2%] → DD7Z ;; Pancreatitis aguda → DC31.Z [who_api, 0.0%] → DC31.Z"
,1,"[""MB26.0Z"", ""NR-NEUR-002"", ""BA00.Z"", ""8B26.5Z/8B20"", ""1C80""]","[""N/A"", ""N/A"", ""N/A"", ""N/A"", ""N/A""]","[""common"", ""unclassified"", ""common"", ""common"", ""common""]",Delirio agudo multifactorial | Encefopatía uremica | Hipertensión encefalopática | Accidente cerebrovascular lacunar | Encefalitis viral,"Delirio agudo multifactorial → MB26.0Z [who_api, 0.0%] → MB26.0Z ;; Encefopatía uremica → NR-NEUR-002 [nr, 0.0%] → NR-NEUR-002 ;; Hipertensión encefalopática → BA00.Z [who_api, 0.0%] → BA00.Z ;; Accidente cerebrovascular lacunar → 8B26.5Z/8B20 [who_api, 0.0%] → 8B26.5Z/8B20 ;; Encefalitis viral → Encefalitis [semantic_who, 0.0%] → 1C80"
,1,"[""MF85"", ""4A44.AZ"", ""CB04.30"", ""4A40.0"", ""1G40""]","[""Desconocido"", ""N/A"", ""Desconocido"", ""1-5 / 10 000"", ""N/A""]","[""unknown"", ""common"", ""unknown"", ""unknown"", ""common""]",Síndrome anti-GBM | Vasculitis ANCA-asociada | Hemosiderosis pulmonar idiopática | Lupus eritematoso sistémico | Sepsis,"Síndrome anti-GBM → Enfermedad por anticuerpos antimembrana basal glomerular [fuzzy_validated, 88.2%] → MF85 ;; Vasculitis ANCA-asociada → 4A44.AZ [who_api, 0.0%] → 4A44.AZ ;; Hemosiderosis pulmonar idiopática → Hemosiderosis pulmonar idiopática [exact, 100.0%] → CB04.30 ;; Lupus eritematoso sistémico → Lupus eritematoso sistémico [exact, 100.0%] → 4A40.0 ;; Sepsis → 1G40 [who_api, 0.0%] → 1G40"
,1,"[""9A96.Z"", ""9A96.1/FA24.Z"", ""4B20.1"", ""4A62"", ""9B65.1""]","[""N/A"", ""N/A"", ""6-9 / 10 000"", ""1-9 / 100 000"", ""N/A""]","[""common"", ""common"", ""rare"", ""very_rare"", ""common""]",Uveítis granulomatosa | Uveítis asociada a artritis idiopática juvenil | Sarcoidosis ocular | Enfermedad de Behçet | Uveítis viral,"Uveítis granulomatosa → 9A96.Z [who_api, 0.0%] → 9A96.Z ;; Uveítis asociada a artritis idiopática juvenil → 9A96.1/FA24.Z [who_api, 0.0%] → 9A96.1/FA24.Z ;; Sarcoidosis ocular → Sarcoidosis [semantic, 0.0%] → 4B20.1 ;; Enfermedad de Behçet → Enfermedad de Behçet [exact, 100.0%] → 4A62 ;; Uveítis viral → 9B65.1 [who_api, 0.0%] → 9B65.1"
,1,"[""5C63.20"", ""5C63.22"", ""GB90.44"", ""5A50.Z"", ""5C64.41""]","[""1-5 / 10 000"", ""<1 / 1 000 000"", ""Desconocido"", ""N/A"", ""<1 / 1 000 000""]","[""unknown"", ""ultra_rare"", ""unknown"", ""common"", ""ultra_rare""]",Rickets por deficiencia de vitamina D | Rickets hipofosfatémico hereditario | Síndrome de acidosis tubular proximal tipo II | Hipoparatiroidismo congénito | Hipomagnesemia,"Rickets por deficiencia de vitamina D → Raquitismo hipocalcémico dependiente de vitamina D [semantic, 0.0%] → 5C63.20 ;; Rickets hipofosfatémico hereditario → Raquitismo hipofosfatémico hereditario con hipercalciuria [semantic, 0.0%] → 5C63.22 ;; Síndrome de acidosis tubular proximal tipo II → Acidosis tubular renal proximal [semantic, 0.0%] → GB90.44 ;; Hipoparatiroidismo congénito → Hipoparatiroidismo genético [semantic_who, 0.0%] → 5A50.Z ;; Hipomagnesemia → Hipomagnesemia primaria con hipercalciuria y nefrocalcinosis sin afectación ocular grave [semantic, 0.0%] → 5C64.41"
,1,"[""3B64.14"", ""NR-HEMAT-003"", ""3B20"", ""3A20.5"", ""NR-HEMAT-005""]","[""Desconocido"", ""N/A"", ""N/A"", ""1-9 / 1 000 000"", ""N/A""]","[""unknown"", ""unclassified"", ""common"", ""ultra_rare"", ""unclassified""]",Púrpura trombocitopénica trombótica | MDS/AML | Coagulación intravascular diseminada | Síndrome de Evans | PNH,"Púrpura trombocitopénica trombótica → Púrpura trombótica trombocitopénica [fuzzy_validated, 100.0%] → 3B64.14 ;; MDS/AML → NR-HEMAT-003 [nr, 0.0%] → NR-HEMAT-003 ;; Coagulación intravascular diseminada → Disseminated intravascular coagulation associated with a vascular anomaly [semantic_who, 0.0%] → 3B20 ;; Síndrome de Evans → Síndrome de Evans [exact, 100.0%] → 3A20.5 ;; PNH → NR-HEMAT-005 [nr, 0.0%] → NR-HEMAT-005"
,1,"[""4A44.5"", ""1C31.0"", ""4A44.Z"", ""3A21.2"", ""1G40""]","[""Desconocido"", ""Desconocido"", ""N/A"", ""N/A"", ""N/A""]","[""unknown"", ""unknown"", ""common"", ""common"", ""common""]",Enfermedad de Kawasaki | Fiebre de las Montañas Rocosas | Vasculitis sistémica pediátrica | Síndrome urémico hemolítico | Infección viral sistémica,"Enfermedad de Kawasaki → Enfermedad de Kawasaki [exact, 100.0%] → 4A44.5 ;; Fiebre de las Montañas Rocosas → Fiebre maculosa de las Montañas Rocosas [fuzzy_validated, 87.0%] → 1C31.0 ;; Vasculitis sistémica pediátrica → 4A44.Z [who_api, 0.0%] → 4A44.Z ;; Síndrome urémico hemolítico → Síndrome hemolítico urémico [fuzzy_validated_who, 100.0%] → 3A21.2 ;; Infección viral sistémica → 1G40 [who_api, 0.0%] → 1G40"
,1,"[""5D00.0"", ""2A83.52"", ""BD13"", ""1A6Z"", ""BD5Y""]","[""1-9 / 100 000"", ""N/A"", ""N/A"", ""N/A"", ""<1 / 1 000 000""]","[""very_rare"", ""unclassified"", ""common"", ""common"", ""ultra_rare""]",Amiloidosis AL | Enfermedad por depósito de cadenas ligeras | Insuficiencia cardíaca derecha | Sífilis | Síndrome de fuga capilar sistémica,"Amiloidosis AL → Amiloidosis AL [exact, 100.0%] → 5D00.0 ;; Enfermedad por depósito de cadenas ligeras → Enfermedad por depósito de cadenas ligeras [exact, 100.0%] → 2A83.52 ;; Insuficiencia cardíaca derecha → BD13 [who_api, 0.0%] → BD13 ;; Sífilis → 1A6Z [who_api, 0.0%] → 1A6Z ;; Síndrome de fuga capilar sistémica → Síndrome de extravasación capilar sistémica [fuzzy_validated, 87.0%] → BD5Y"
,1,"[""5A03.1"", ""DB98.3"", ""1D81.Z"", ""2B33.5"", ""1B12.6""]","[""N/A"", ""Desconocido"", ""N/A"", ""N/A"", ""N/A""]","[""common"", ""unknown"", ""common"", ""common"", ""unclassified""]",Tiroiditis subaguda | Fiebre Q | Mononucleosis infecciosa | Linfoma | Linfadenitis cervical tuberculosa,"Tiroiditis subaguda → 5A03.1 [who_api, 0.0%] → 5A03.1 ;; Fiebre Q → Fiebre Q [exact, 100.0%] → DB98.3 ;; Mononucleosis infecciosa → 1D81.Z [who_api, 0.0%] → 1D81.Z ;; Linfoma → Linfoma [exact_who, 100.0%] → 2B33.5 ;; Linfadenitis cervical tuberculosa → Linfadenitis tuberculosa primaria [semantic, 0.0%] → 1B12.6"
,1,"[""NR-ENDOC-002"", ""MG47"", ""4A00.0Y"", ""GB90.44"", ""5A51.0""]","[""N/A"", ""N/A"", ""1-9 / 1 000 000"", ""Desconocido"", ""N/A""]","[""unclassified"", ""common"", ""ultra_rare"", ""unknown"", ""common""]",Deficiencia genética de CYP24A1 | Intoxicación por vitamina D | Enfermedad granulomatosa | Distensión tubular distal de tipo I | Hiperparatiroidismo primario congénito,"Deficiencia genética de CYP24A1 → NR-ENDOC-002 [nr, 0.0%] → NR-ENDOC-002 ;; Intoxicación por vitamina D → MG47 [who_api, 0.0%] → MG47 ;; Enfermedad granulomatosa → Enfermedad granulomatosa crónica [fuzzy_validated, 85.7%] → 4A00.0Y ;; Distensión tubular distal de tipo I → Acidosis tubular renal distal [semantic, 0.0%] → GB90.44 ;; Hiperparatiroidismo primario congénito → 5A51.0 [who_api, 0.0%] → 5A51.0"
,1,"[""2A60"", ""XH4XG8"", ""MA16.11"", ""2A3Z"", ""NR-OTR-005""]","[""1-5 / 10 000"", ""1-9 / 100 000"", ""N/A"", ""1-9 / 100 000"", ""N/A""]","[""unknown"", ""very_rare"", ""common"", ""very_rare"", ""unclassified""]",Leucemia mieloide aguda | Leucemia mieloide crónica | Reacción leucemoide | Síndrome mielodisplásico | Enfermedad autoinmune sistémica,"Leucemia mieloide aguda → Leucemia mieloide aguda [exact, 100.0%] → 2A60 ;; Leucemia mieloide crónica → Leucemia mieloide crónica [exact, 100.0%] → XH4XG8 ;; Reacción leucemoide → MA16.11 [who_api, 0.0%] → MA16.11 ;; Síndrome mielodisplásico → Síndrome mielodisplásico [exact_who, 100.0%] → 2A3Z ;; Enfermedad autoinmune sistémica → NR-OTR-005 [nr, 0.0%] → NR-OTR-005"
,1,"[""FB30"", ""8E4A.3"", ""8C0Z"", ""5A50.Z"", ""8C80""]","[""N/A"", ""1-9 / 100 000"", ""N/A"", ""N/A"", ""N/A""]","[""common"", ""very_rare"", ""common"", ""common"", ""common""]",Miopatía inflamatoria | Miopatía necrotizante autoinmune | Neuropatía periférica autoinmune | Hipoparatiroidismo | Miopatía por fármacos,"Miopatía inflamatoria → Miopatía inflamatoria idiopática juvenil [semantic_who, 0.0%] → FB30 ;; Miopatía necrotizante autoinmune → Miopatía necrosante inmunomediada [semantic_who, 0.0%] → 8E4A.3 ;; Neuropatía periférica autoinmune → 8C0Z [who_api, 0.0%] → 8C0Z ;; Hipoparatiroidismo → Hipoparatiroidismo raro [fuzzy_validated_who, 87.8%] → 5A50.Z ;; Miopatía por fármacos → OBSOLETO: Miopatía tóxica y/o por fármacos [semantic_who, 0.0%] → 8C80"
,1,"[""5A4Y"", ""LD2C"", ""LD2F.1Y"", ""LD2F.1Y"", ""LD2C""]","[""Desconocido"", ""1-5 / 10 000"", ""<1 / 1 000 000"", ""1-9 / 100 000"", ""<1 / 1 000 000""]","[""unknown"", ""unknown"", ""ultra_rare"", ""very_rare"", ""ultra_rare""]",Hiperinsulinismo congénital | Síndrome Beckwith-Wiedemann | Síndrome Pallister-Hall | Síndrome de Currarino | Síndrome Simpson-Golabi-Behmel,"Hiperinsulinismo congénital → Hiperinsulinismo congénito aislado [semantic_who, 0.0%] → 5A4Y ;; Síndrome Beckwith-Wiedemann → Síndrome de Beckwith-Wiedemann [fuzzy_validated, 94.7%] → LD2C ;; Síndrome Pallister-Hall → Síndrome de Pallister-Hall [fuzzy_validated, 93.9%] → LD2F.1Y ;; Síndrome de Currarino → Síndrome de Currarino [exact, 100.0%] → LD2F.1Y ;; Síndrome Simpson-Golabi-Behmel → Síndrome de Simpson-Golabi-Behmel [fuzzy_validated, 95.2%] → LD2C"
,1,"[""BC43.20"", ""CA82.4"", ""4A44.A2"", ""1F68.0"", ""CB02.11""]","[""N/A"", ""Desconocido"", ""1-9 / 100 000"", ""Desconocido"", ""Desconocido""]","[""common"", ""unknown"", ""very_rare"", ""unknown"", ""unknown""]",Síndrome hipereosinofílico | Bronquiectasia con aspergilosis alérgica | Granulomatosis con poliangeítis eosinofílica | Infección parasitaria | Neumonía eosinofílica crónica,"Síndrome hipereosinofílico → BC43.20 [who_api, 0.0%] → BC43.20 ;; Bronquiectasia con aspergilosis alérgica → Aspergilosis bronco-pulmonar alérgica [semantic, 0.0%] → CA82.4 ;; Granulomatosis con poliangeítis eosinofílica → Granulomatosis eosinofílica con poliangeítis [fuzzy_validated, 100.0%] → 4A44.A2 ;; Infección parasitaria → Anquilostomiasis [semantic, 0.0%] → 1F68.0 ;; Neumonía eosinofílica crónica → Neumonía eosinofílica crónica idiopática [semantic, 0.0%] → CB02.11"
,1,"[""2E2Z"", ""4B20.3"", ""1B1Z"", ""8B22.2"", ""8E4A.0""]","[""N/A"", ""N/A"", ""N/A"", ""N/A"", ""N/A""]","[""common"", ""common"", ""common"", ""common"", ""common""]",Carcinomatosis leptomeníngea | Neurosarcoidosis | Encefalomielitis tuberculosa | Vasculitis cerebral | Encefalitis paraneoplásica,"Carcinomatosis leptomeníngea → 2E2Z [who_api, 0.0%] → 2E2Z ;; Neurosarcoidosis → 4B20.3 [who_api, 0.0%] → 4B20.3 ;; Encefalomielitis tuberculosa → 1B1Z [who_api, 0.0%] → 1B1Z ;; Vasculitis cerebral → 8B22.2 [who_api, 0.0%] → 8B22.2 ;; Encefalitis paraneoplásica → OBSOLETO: Encefalitis límbica paraneoplásica [semantic_who, 0.0%] → 8E4A.0"
,1,"[""4B4Z"", ""DD70.Z"", ""DA95"", ""2A90.7"", ""4A44.Z""]","[""N/A"", ""N/A"", ""Desconocido"", ""<1 / 1 000 000"", ""N/A""]","[""common"", ""common"", ""unknown"", ""ultra_rare"", ""common""]",Deficiencia inmunológica variable | Enfermedad de Crohn | Enfermedad celíaca refractaria | Linfoma intestinal | Vasculitis gastrointestinal,"Deficiencia inmunológica variable → 4B4Z [who_api, 0.0%] → 4B4Z ;; Enfermedad de Crohn → DD70.Z [who_api, 0.0%] → DD70.Z ;; Enfermedad celíaca refractaria → Enfermedad celíaca refractaria [exact, 100.0%] → DA95 ;; Linfoma intestinal → Linfoma de células T asociado a enteropatía [semantic, 0.0%] → 2A90.7 ;; Vasculitis gastrointestinal → 4A44.Z [who_api, 0.0%] → 4A44.Z"
,1,"[""NR-NEUR-006"", ""8E47"", ""1F00.21"", ""8E4A.0"", ""8E4A.0""]","[""N/A"", ""N/A"", ""Desconocido"", ""N/A"", ""N/A""]","[""unclassified"", ""common"", ""unknown"", ""common"", ""common""]",Encefalitis anti‑NMDAR | Encefalopatía tiroidea | Encefalitis herpética | Encefalitis autoinmune | Encefalitis paraneoplásica limbic,"Encefalitis anti‑NMDAR → NR-NEUR-006 [nr, 0.0%] → NR-NEUR-006 ;; Encefalopatía tiroidea → 8E47 [who_api, 0.0%] → 8E47 ;; Encefalitis herpética → Encefalitis por el virus del herpes simple [exact, 100.0%] → 1F00.21 ;; Encefalitis autoinmune → Encefalitis autoinmune [exact_who, 100.0%] → 8E4A.0 ;; Encefalitis paraneoplásica limbic → OBSOLETO: Encefalitis límbica paraneoplásica [semantic_who, 0.0%] → 8E4A.0"
,1,"[""4A43.0"", ""XH1VJ3"", ""2A86.0"", ""2A83.1"", ""4A43.0""]","[""N/A"", ""<1 / 1 000 000"", ""1-5 / 10 000"", ""1-5 / 10 000"", ""1-9 / 100 000""]","[""common"", ""ultra_rare"", ""unknown"", ""unknown"", ""very_rare""]",Síndrome relacionado con IgG4 | Enfermedad de Erdheim-Chester | Linfoma de células B | Mieloma múltiple | Fibrosis retroperitoneal idiopática,"Síndrome relacionado con IgG4 → 4A43.0 [who_api, 0.0%] → 4A43.0 ;; Enfermedad de Erdheim-Chester → Enfermedad de Erdheim-Chester [exact, 100.0%] → XH1VJ3 ;; Linfoma de células B → Linfoma no Hodgkin de células B [semantic_who, 0.0%] → 2A86.0 ;; Mieloma múltiple → Mieloma múltiple [exact, 100.0%] → 2A83.1 ;; Fibrosis retroperitoneal idiopática → Fibrosis retroperitoneal asociada a IgG4 [exact, 100.0%] → 4A43.0"
,1,"[""1F2C"", ""NR-DERM-002"", ""3B4Z"", ""ME60.Z"", ""1F20.0Z""]","[""Desconocido"", ""N/A"", ""N/A"", ""N/A"", ""N/A""]","[""unknown"", ""unclassified"", ""common"", ""common"", ""common""]",Mucormicosis angioinvasiva | Vasculitis cutánea asociada a COVID‑19 | Coagulopatía asociada a sepsis | Lesión de la piel por efecto de medicamentos | Aspergilosis invasiva,"Mucormicosis angioinvasiva → Zigomicosis [semantic, 0.0%] → 1F2C ;; Vasculitis cutánea asociada a COVID‑19 → NR-DERM-002 [nr, 0.0%] → NR-DERM-002 ;; Coagulopatía asociada a sepsis → 3B4Z [who_api, 0.0%] → 3B4Z ;; Lesión de la piel por efecto de medicamentos → ME60.Z [who_api, 0.0%] → ME60.Z ;; Aspergilosis invasiva → 1F20.0Z [who_api, 0.0%] → 1F20.0Z"
,1,"[""JB4Z"", ""6B00"", ""NR-OTR-008"", ""NR-OTR-009"", ""6E21""]","[""N/A"", ""N/A"", ""N/A"", ""N/A"", ""1-9 / 100 000""]","[""common"", ""common"", ""unclassified"", ""unclassified"", ""very_rare""]",Trastorno obsesivo‑compulsivo del posparto | Trastorno de ansiedad generalizada posparto | Trastorno depresivo mayor posparto con ansiedad | Trastorno de adaptación con ansiedad posparto | Psicosis posparto,"Trastorno obsesivo‑compulsivo del posparto → JB4Z [who_api, 0.0%] → JB4Z ;; Trastorno de ansiedad generalizada posparto → 6B00 [who_api, 0.0%] → 6B00 ;; Trastorno depresivo mayor posparto con ansiedad → NR-OTR-008 [nr, 0.0%] → NR-OTR-008 ;; Trastorno de adaptación con ansiedad posparto → NR-OTR-009 [nr, 0.0%] → NR-OTR-009 ;; Psicosis posparto → Psicosis posparto [exact, 100.0%] → 6E21"
,1,"[""EB20"", ""EB21"", ""JB40.0"", ""NR-OTR-012"", ""2A20.2""]","[""Desconocido"", ""Desconocido"", ""N/A"", ""N/A"", ""1-9 / 100 000""]","[""unknown"", ""unknown"", ""common"", ""unclassified"", ""very_rare""]",Síndrome de Sweet | Pioderma gangrenoso | Endometritis posparto | Síndrome de respuesta inflamatoria sistémica | Mielofibrosis,"Síndrome de Sweet → Síndrome de Sweet [exact, 100.0%] → EB20 ;; Pioderma gangrenoso → Pioderma gangrenoso [exact, 100.0%] → EB21 ;; Endometritis posparto → JB40.0 [who_api, 0.0%] → JB40.0 ;; Síndrome de respuesta inflamatoria sistémica → NR-OTR-012 [nr, 0.0%] → NR-OTR-012 ;; Mielofibrosis → Mielofibrosis primaria [semantic, 0.0%] → 2A20.2"
,1,"[""1G40"", ""DC13"", ""GB90.3"", ""DC31.Z"", ""NR-RESP-001""]","[""N/A"", ""N/A"", ""Desconocido"", ""N/A"", ""N/A""]","[""common"", ""common"", ""unknown"", ""common"", ""unclassified""]",Sepsis bacteriana | Colangitis aguda | Trombosis de vena renal | Pancreatitis aguda bacteriana | Pieloflebitis,"Sepsis bacteriana → 1G40 [who_api, 0.0%] → 1G40 ;; Colangitis aguda → DC13 [who_api, 0.0%] → DC13 ;; Trombosis de vena renal → Trombosis venosa renal neonatal [semantic, 0.0%] → GB90.3 ;; Pancreatitis aguda bacteriana → DC31.Z [who_api, 0.0%] → DC31.Z ;; Pieloflebitis → NR-RESP-001 [nr, 0.0%] → NR-RESP-001"
,1,"[""2C73.2"", ""2C73.2"", ""2C73.Y"", ""2C73.Z"", ""2C73.Y""]","[""1-9 / 1 000 000"", ""1-9 / 1 000 000"", ""N/A"", ""1-9 / 1 000 000"", ""Desconocido""]","[""ultra_rare"", ""ultra_rare"", ""common"", ""ultra_rare"", ""unknown""]",Tumor granulosa célula juvenil | Tumor granulosa célula adulto | Tumor de Sertoli-Leydig | Cáncer ovárico de origen estromal | Cáncer ovárico germinal,"Tumor granulosa célula juvenil → Tumor maligno de células de la granulosa de ovario [semantic, 0.0%] → 2C73.2 ;; Tumor granulosa célula adulto → Tumor maligno de células de la granulosa de ovario [semantic, 0.0%] → 2C73.2 ;; Tumor de Sertoli-Leydig → 2C73.Y [who_api, 0.0%] → 2C73.Y ;; Cáncer ovárico de origen estromal → Tumor no epitelial maligno de ovario [semantic_who, 0.0%] → 2C73.Z ;; Cáncer ovárico germinal → Tumor maligno de ovario de células germinales [semantic, 0.0%] → 2C73.Y"
,1,"[""CA40.20"", ""CB03.2"", ""2D70"", ""CB02.10"", ""CA70""]","[""N/A"", ""Desconocido"", ""N/A"", ""<1 / 1 000 000"", ""Desconocido""]","[""common"", ""unknown"", ""common"", ""ultra_rare"", ""unknown""]",Neumonía por Pneumocystis jirovecii | Organización pulmonar criptogénica | Metástasis pulmonares | Neumonía eosinofílica aguda | Hipersensibilidad pulmonar,"Neumonía por Pneumocystis jirovecii → CA40.20 [who_api, 0.0%] → CA40.20 ;; Organización pulmonar criptogénica → Neumonía con organización criptogénica [semantic, 0.0%] → CB03.2 ;; Metástasis pulmonares → 2D70 [who_api, 0.0%] → 2D70 ;; Neumonía eosinofílica aguda → Neumonía eosinofílica idiopática aguda [semantic, 0.0%] → CB02.10 ;; Hipersensibilidad pulmonar → Neumonitis por hipersensibilidad [semantic, 0.0%] → CA70"
,1,"[""2A83.2"", ""2A83.1"", ""2A85.4"", ""4B2Y"", ""2A81.2""]","[""1-9 / 1 000 000"", ""1-5 / 10 000"", ""Desconocido"", ""Desconocido"", ""N/A""]","[""ultra_rare"", ""unknown"", ""unknown"", ""unknown"", ""unclassified""]",Plasmocitoma extramedular | Mieloma múltiple | Macroglobulinemia de Waldenström | Enfermedad de Castleman | Linfoma plasmablástico,"Plasmocitoma extramedular → Plasmacitoma extramedular de tejidos blandos [semantic, 0.0%] → 2A83.2 ;; Mieloma múltiple → Mieloma múltiple [exact, 100.0%] → 2A83.1 ;; Macroglobulinemia de Waldenström → Macroglobulinemia de Waldenström [exact, 100.0%] → 2A85.4 ;; Enfermedad de Castleman → Enfermedad de Castleman [exact, 100.0%] → 4B2Y ;; Linfoma plasmablástico → Linfoma plasmablástico [exact, 100.0%] → 2A81.2"
,1,"[""RA01"", ""1E32"", ""1C19"", ""CA40.06"", ""CA40.03""]","[""N/A"", ""N/A"", ""N/A"", ""Desconocido"", ""N/A""]","[""common"", ""common"", ""unclassified"", ""unknown"", ""common""]",COVID-19 | Influenza A | Neumonía legionela | Neumonía estafilocócica | Neumonía por Klebsiella pneumoniae,"COVID-19 → RA01 [who_api, 0.0%] → RA01 ;; Influenza A → 1E32 [who_api, 0.0%] → 1E32 ;; Neumonía legionela → Infección por Legionella [semantic, 0.0%] → 1C19 ;; Neumonía estafilocócica → Neumonía necrotizante estafilocócica [semantic, 0.0%] → CA40.06 ;; Neumonía por Klebsiella pneumoniae → CA40.03 [who_api, 0.0%] → CA40.03"
,1,"[""1A11.Z"", ""1C80"", ""1C82"", ""1D01.0Z"", ""5C50.AY""]","[""N/A"", ""N/A"", ""1-9 / 1 000 000"", ""N/A"", ""1-9 / 100 000""]","[""common"", ""common"", ""ultra_rare"", ""common"", ""very_rare""]",Botulismo neonatal | Encefalitis viral | Rabia | Meningitis bacteriana | Deficiencia de OTC,"Botulismo neonatal → 1A11.Z [who_api, 0.0%] → 1A11.Z ;; Encefalitis viral → Encefalitis [semantic_who, 0.0%] → 1C80 ;; Rabia → Rabia [exact, 100.0%] → 1C82 ;; Meningitis bacteriana → 1D01.0Z [who_api, 0.0%] → 1D01.0Z ;; Deficiencia de OTC → Deficiencia de ornitina transcarbamilasa [exact, 100.0%] → 5C50.AY"
,1,"[""1H0Z"", ""NR-DERM-005"", ""2E83.Z"", ""1B21.Y"", ""FA25""]","[""N/A"", ""N/A"", ""N/A"", ""N/A"", ""N/A""]","[""common"", ""unclassified"", ""common"", ""common"", ""common""]",Infección periprotésica | Reacción inflamatoria a material de resina | Neoplasia ósea | Infección atípica | Gota,"Infección periprotésica → 1H0Z [who_api, 0.0%] → 1H0Z ;; Reacción inflamatoria a material de resina → NR-DERM-005 [nr, 0.0%] → NR-DERM-005 ;; Neoplasia ósea → 2E83.Z [who_api, 0.0%] → 2E83.Z ;; Infección atípica → 1B21.Y [who_api, 0.0%] → 1B21.Y ;; Gota → FA25 [who_api, 0.0%] → FA25"
,1,"[""1C31.0"", ""1C3Y"", ""1B91"", ""1C11.Z"", ""1D01.0Z""]","[""Desconocido"", ""<1 / 1 000 000"", ""1-9 / 1 000 000"", ""N/A"", ""N/A""]","[""unknown"", ""ultra_rare"", ""ultra_rare"", ""common"", ""common""]",Fiebre maculosa de las Montañas Rocosas | Ehrlichiosis | Leptospirosis | Bartonelosis | Meningitis bacteriana,"Fiebre maculosa de las Montañas Rocosas → Fiebre maculosa de las Montañas Rocosas [exact, 100.0%] → 1C31.0 ;; Ehrlichiosis → Erliquiosis [semantic, 0.0%] → 1C3Y ;; Leptospirosis → Leptospirosis [exact, 100.0%] → 1B91 ;; Bartonelosis → 1C11.Z [who_api, 0.0%] → 1C11.Z ;; Meningitis bacteriana → 1D01.0Z [who_api, 0.0%] → 1D01.0Z"
,1,"[""NR-CARD-001"", ""DA97.3"", ""NR-GAST-007"", ""NR-GAST-011"", ""DB60.Z""]","[""N/A"", ""N/A"", ""N/A"", ""N/A"", ""N/A""]","[""unclassified"", ""common"", ""unclassified"", ""unclassified"", ""common""]",Varices ectópicas | Enteropatía hipertensiva portal | Angiodiscines ileales | Úlcera postoperatoria | Hemorroides internas,"Varices ectópicas → NR-CARD-001 [nr, 0.0%] → NR-CARD-001 ;; Enteropatía hipertensiva portal → DA97.3 [who_api, 0.0%] → DA97.3 ;; Angiodiscines ileales → NR-GAST-007 [nr, 0.0%] → NR-GAST-007 ;; Úlcera postoperatoria → NR-GAST-011 [nr, 0.0%] → NR-GAST-011 ;; Hemorroides internas → DB60.Z [who_api, 0.0%] → DB60.Z"
,1,"[""NR-MUSC-007"", ""FB80.0"", ""2E83.Z"", ""2C20.3"", ""2B51.Z""]","[""N/A"", ""Desconocido"", ""N/A"", ""<1 / 1 000 000"", ""N/A""]","[""unclassified"", ""unknown"", ""common"", ""ultra_rare"", ""common""]",Fibroma ossificante juvenil psamomatoide | Fibrosis ósea facial | Osteoma nasal | Estesioneuroblastoma | Osteosarcoma del seno etmoidal,"Fibroma ossificante juvenil psamomatoide → NR-MUSC-007 [nr, 0.0%] → NR-MUSC-007 ;; Fibrosis ósea facial → Displasia fibrosa de hueso [semantic, 0.0%] → FB80.0 ;; Osteoma nasal → 2E83.Z [who_api, 0.0%] → 2E83.Z ;; Estesioneuroblastoma → Estesioneuroblastoma [exact, 100.0%] → 2C20.3 ;; Osteosarcoma del seno etmoidal → 2B51.Z [who_api, 0.0%] → 2B51.Z"
,1,"[""8A80.4"", ""DA41.00"", ""DD91.Y"", ""DA42.Z"", ""DA90.2""]","[""N/A"", ""1-5 / 10 000"", ""N/A"", ""N/A"", ""Desconocido""]","[""common"", ""unknown"", ""common"", ""common"", ""unknown""]",Síndrome de vómito cíclico | Gastroparesia | Síndrome del intestino irritable funcional | Gastritis péptica | Síndrome de pseudoobstrucción intestinal crónica,"Síndrome de vómito cíclico → 8A80.4 [who_api, 0.0%] → 8A80.4 ;; Gastroparesia → Gastroparesia idiopática [semantic, 0.0%] → DA41.00 ;; Síndrome del intestino irritable funcional → DD91.Y [who_api, 0.0%] → DD91.Y ;; Gastritis péptica → DA42.Z [who_api, 0.0%] → DA42.Z ;; Síndrome de pseudoobstrucción intestinal crónica → Síndrome de pseudoobstrucción intestinal crónica [exact, 100.0%] → DA90.2"
,1,"[""NR-CARD-004"", ""DB98.3"", ""BC42.0"", ""BC4Z"", ""BB2Z""]","[""N/A"", ""Desconocido"", ""Desconocido"", ""N/A"", ""N/A""]","[""unclassified"", ""unknown"", ""unknown"", ""common"", ""common""]",Miocarditis post‑COVID | Fiebre Q | Miocarditis de células gigantes | Enfermedad cardíaca autoinmune | Pericarditis inflamatoria,"Miocarditis post‑COVID → NR-CARD-004 [nr, 0.0%] → NR-CARD-004 ;; Fiebre Q → Fiebre Q [exact, 100.0%] → DB98.3 ;; Miocarditis de células gigantes → Miocarditis idiopática de células gigantes [semantic, 0.0%] → BC42.0 ;; Enfermedad cardíaca autoinmune → BC4Z [who_api, 0.0%] → BC4Z ;; Pericarditis inflamatoria → BB2Z [who_api, 0.0%] → BB2Z"
,1,"[""3A20"", ""3A21.0"", ""NR-HEMAT-008"", ""4A40.0"", ""2A60""]","[""1-5 / 10 000"", ""1-9 / 100 000"", ""N/A"", ""1-5 / 10 000"", ""1-5 / 10 000""]","[""unknown"", ""very_rare"", ""unclassified"", ""unknown"", ""unknown""]",Anemia hemolítica autoinmune | Hemoglobinuria paroxística nocturna | Aplasia aplásica | Lupus eritematoso sistémico | Leucemia mieloide aguda,"Anemia hemolítica autoinmune → Anemia hemolítica autoinmune [exact, 100.0%] → 3A20 ;; Hemoglobinuria paroxística nocturna → Hemoglobinuria paroxística nocturna [exact, 100.0%] → 3A21.0 ;; Aplasia aplásica → NR-HEMAT-008 [nr, 0.0%] → NR-HEMAT-008 ;; Lupus eritematoso sistémico → Lupus eritematoso sistémico [exact, 100.0%] → 4A40.0 ;; Leucemia mieloide aguda → Leucemia mieloide aguda [exact, 100.0%] → 2A60"
,1,"[""LD27.01"", ""5C64.20"", ""DA96.1"", ""DA95"", ""DD7Z""]","[""Desconocido"", ""1-9 / 1 000 000"", ""N/A"", ""N/A"", ""N/A""]","[""unknown"", ""ultra_rare"", ""common"", ""common"", ""common""]",Síndrome de Cronkhite‑Canada | Acrodermatitis enteropática adquirida | Enteropatía perdedora de proteínas asociada a lupus eritematoso sistémico | Celiaquía | Síndrome de enfermedad inflamatoria intestinal,"Síndrome de Cronkhite‑Canada → Síndrome de Cronkhite-Canada [semantic, 0.0%] → LD27.01 ;; Acrodermatitis enteropática adquirida → Acrodermatitis enteropática [semantic, 0.0%] → 5C64.20 ;; Enteropatía perdedora de proteínas asociada a lupus eritematoso sistémico → DA96.1 [who_api, 0.0%] → DA96.1 ;; Celiaquía → DA95 [who_api, 0.0%] → DA95 ;; Síndrome de enfermedad inflamatoria intestinal → Enfermedad inflamatoria intestinal rara [semantic_who, 0.0%] → DD7Z"
,1,"[""EB20"", ""NR-DERM-009"", ""FA11.2"", ""4A44.90"", ""EB31""]","[""Desconocido"", ""N/A"", ""1-9 / 100 000"", ""1-9 / 100 000"", ""N/A""]","[""unknown"", ""unclassified"", ""very_rare"", ""very_rare"", ""common""]",Síndrome de Sweet | Panniculitis pancreática | Artritis reactiva | Vasculitis crioglobulínica | Eritema nodoso,"Síndrome de Sweet → Síndrome de Sweet [exact, 100.0%] → EB20 ;; Panniculitis pancreática → NR-DERM-009 [nr, 0.0%] → NR-DERM-009 ;; Artritis reactiva → Artritis reactiva [exact, 100.0%] → FA11.2 ;; Vasculitis crioglobulínica → Vasculitis crioglobulinémica [fuzzy_validated, 92.6%] → 4A44.90 ;; Eritema nodoso → EB31 [who_api, 0.0%] → EB31"
,1,"[""2C61"", ""2C62"", ""2B56"", ""2C6Y"", ""2E0Y&XA12C1""]","[""N/A"", ""N/A"", ""<1 / 1 000 000"", ""<1 / 1 000 000"", ""N/A""]","[""common"", ""common"", ""ultra_rare"", ""ultra_rare"", ""common""]",Carcinoma ductal invasivo de mama | Carcinoma inflamatorio de mama | Angiosarcoma de mama | Carcinoma metaplásico de mama | Metástasis mamaria,"Carcinoma ductal invasivo de mama → 2C61 [who_api, 0.0%] → 2C61 ;; Carcinoma inflamatorio de mama → Cáncer de mama inflamatorio [fuzzy_validated_who, 100.0%] → 2C62 ;; Angiosarcoma de mama → Angiosarcoma [semantic, 0.0%] → 2B56 ;; Carcinoma metaplásico de mama → Carcinoma metaplásico de mama [exact, 100.0%] → 2C6Y ;; Metástasis mamaria → 2E0Y&XA12C1 [who_api, 0.0%] → 2E0Y&XA12C1"
,1,"[""NR-INFEC-014"", ""NR-INFEC-015"", ""NR-INFEC-016"", ""FA25"", ""FA11.2""]","[""N/A"", ""N/A"", ""N/A"", ""N/A"", ""1-9 / 100 000""]","[""unclassified"", ""unclassified"", ""unclassified"", ""common"", ""very_rare""]",Infección protésica por Mycobacterium bovis | Infección protésica por Staphylococcus epidermidis | Infección protésica por Staphylococcus aureus | Gota | Artritis reactiva,"Infección protésica por Mycobacterium bovis → NR-INFEC-014 [nr, 0.0%] → NR-INFEC-014 ;; Infección protésica por Staphylococcus epidermidis → NR-INFEC-015 [nr, 0.0%] → NR-INFEC-015 ;; Infección protésica por Staphylococcus aureus → NR-INFEC-016 [nr, 0.0%] → NR-INFEC-016 ;; Gota → FA25 [who_api, 0.0%] → FA25 ;; Artritis reactiva → Artritis reactiva [exact, 100.0%] → FA11.2"
,1,"[""JB42.1"", ""JA43.Z"", ""BB00.Z"", ""NB92.6"", ""4A84.Z""]","[""Desconocido"", ""N/A"", ""N/A"", ""N/A"", ""N/A""]","[""unknown"", ""common"", ""common"", ""common"", ""common""]",Embolia de líquido amniótico | Sangrado masivo postparto con DIC | Embolia pulmonar trombótica | Ruptura uterina completa | Reacción anafiláctica,"Embolia de líquido amniótico → Embolia de líquido amniótico [exact, 100.0%] → JB42.1 ;; Sangrado masivo postparto con DIC → JA43.Z [who_api, 0.0%] → JA43.Z ;; Embolia pulmonar trombótica → BB00.Z [who_api, 0.0%] → BB00.Z ;; Ruptura uterina completa → NB92.6 [who_api, 0.0%] → NB92.6 ;; Reacción anafiláctica → 4A84.Z [who_api, 0.0%] → 4A84.Z"
,1,"[""1F2C"", ""1F20.0Y"", ""CA40.0Z"", ""CA26.0"", ""1D9Z""]","[""Desconocido"", ""N/A"", ""N/A"", ""Desconocido"", ""N/A""]","[""unknown"", ""common"", ""common"", ""unknown"", ""common""]",Mucormicosis pulmonar | Aspergilosis pulmonar invasiva | Neumonía bacteriana | Bronquiolitis obliterante | Infección viral respiratoria,"Mucormicosis pulmonar → Zigomicosis [semantic, 0.0%] → 1F2C ;; Aspergilosis pulmonar invasiva → 1F20.0Y [who_api, 0.0%] → 1F20.0Y ;; Neumonía bacteriana → CA40.0Z [who_api, 0.0%] → CA40.0Z ;; Bronquiolitis obliterante → Bronquiolitis obliterante [exact, 100.0%] → CA26.0 ;; Infección viral respiratoria → 1D9Z [who_api, 0.0%] → 1D9Z"
,1,"[""DC12.0Z"", ""DC31.2"", ""DC10.02"", ""DB94.1Z"", ""BA41.Z""]","[""N/A"", ""N/A"", ""N/A"", ""N/A"", ""N/A""]","[""common"", ""common"", ""common"", ""common"", ""common""]",Colecistitis aguda | Pancreatitis biliar | Obstrucción biliar | Hepatitis alcohólica | Infarto de miocardio,"Colecistitis aguda → DC12.0Z [who_api, 0.0%] → DC12.0Z ;; Pancreatitis biliar → DC31.2 [who_api, 0.0%] → DC31.2 ;; Obstrucción biliar → DC10.02 [who_api, 0.0%] → DC10.02 ;; Hepatitis alcohólica → DB94.1Z [who_api, 0.0%] → DB94.1Z ;; Infarto de miocardio → BA41.Z [who_api, 0.0%] → BA41.Z"
,1,"[""CA40.20"", ""1B21.0"", ""1F20"", ""RA01"", ""CA40.0Z""]","[""N/A"", ""N/A"", ""Desconocido"", ""N/A"", ""N/A""]","[""common"", ""common"", ""unknown"", ""common"", ""common""]",Neumonía por Pneumocystis jirovecii | Infección por Mycobacterium avium complex | Aspergilosis | COVID‑19 | Neumonía bacteriana oportunista,"Neumonía por Pneumocystis jirovecii → CA40.20 [who_api, 0.0%] → CA40.20 ;; Infección por Mycobacterium avium complex → 1B21.0 [who_api, 0.0%] → 1B21.0 ;; Aspergilosis → Aspergilosis [exact, 100.0%] → 1F20 ;; COVID‑19 → RA01 [who_api, 0.0%] → RA01 ;; Neumonía bacteriana oportunista → CA40.0Z [who_api, 0.0%] → CA40.0Z"
,1,"[""1C1B.Y"", ""BB40"", ""1B12.Y"", ""1B95"", ""1C1A""]","[""Desconocido"", ""Desconocido"", ""N/A"", ""<1 / 1 000 000"", ""Desconocido""]","[""unknown"", ""unknown"", ""unclassified"", ""ultra_rare"", ""unknown""]",Nocardiosis | Endocarditis infecciosa | Tuberculosis miliar | Brucelosis | Listeriosis,"Nocardiosis → Nocardiosis [exact, 100.0%] → 1C1B.Y ;; Endocarditis infecciosa → Endocarditis infecciosa [exact, 100.0%] → BB40 ;; Tuberculosis miliar → Tuberculosis multifocal [semantic, 0.0%] → 1B12.Y ;; Brucelosis → Brucelosis [exact, 100.0%] → 1B95 ;; Listeriosis → Listeriosis [exact, 100.0%] → 1C1A"
,1,"[""NR-DERM-011"", ""1G04"", ""EA80.Z"", ""EH7Z"", ""1A61.3&XA6NQ7""]","[""N/A"", ""N/A"", ""N/A"", ""N/A"", ""N/A""]","[""unclassified"", ""common"", ""common"", ""common"", ""common""]",Pityriasis rosea | Escabiosis | Dermatitis atópica | Reacción cutánea a fármacos | Sífilis secundaria,"Pityriasis rosea → NR-DERM-011 [nr, 0.0%] → NR-DERM-011 ;; Escabiosis → 1G04 [who_api, 0.0%] → 1G04 ;; Dermatitis atópica → EA80.Z [who_api, 0.0%] → EA80.Z ;; Reacción cutánea a fármacos → EH7Z [who_api, 0.0%] → EH7Z ;; Sífilis secundaria → 1A61.3&XA6NQ7 [who_api, 0.0%] → 1A61.3&XA6NQ7"
,1,"[""2F98&XA6KU8"", ""2C90.0"", ""LA90.40"", ""5A70.Y"", ""BA04.Z""]","[""N/A"", ""1-5 / 10 000"", ""N/A"", ""<1 / 1 000 000"", ""N/A""]","[""common"", ""unknown"", ""unclassified"", ""ultra_rare"", ""common""]",Reninoma | Carcinoma de células renales | Estenosis de la arteria renal | Síndrome de Cushing | Hipertensión secundaria,"Reninoma → 2F98&XA6KU8 [who_api, 0.0%] → 2F98&XA6KU8 ;; Carcinoma de células renales → Carcinoma de células renales [exact, 100.0%] → 2C90.0 ;; Estenosis de la arteria renal → Estenosis arterial renal congénita [semantic, 0.0%] → LA90.40 ;; Síndrome de Cushing → Síndrome de Cushing por enfermedad corticosuprarrenal macronodular bilateral [semantic, 0.0%] → 5A70.Y ;; Hipertensión secundaria → BA04.Z [who_api, 0.0%] → BA04.Z"
,1,"[""1F53.1"", ""BC43.0"", ""BC42.1&XN3BH"", ""BC43.01"", ""NR-CARD-006""]","[""1-9 / 1 000 000"", ""N/A"", ""N/A"", ""N/A"", ""N/A""]","[""ultra_rare"", ""unclassified"", ""common"", ""common"", ""unclassified""]",Enfermedad de Chagas | Miocardiopatía dilatada idiopática | Miocarditis viral | Miocardiopatía alcohólica | Endocarditis crónica,"Enfermedad de Chagas → Tripanosomiasis americana [exact, 100.0%] → 1F53.1 ;; Miocardiopatía dilatada idiopática → Miocardiopatía dilatada [semantic, 0.0%] → BC43.0 ;; Miocarditis viral → BC42.1&XN3BH [who_api, 0.0%] → BC42.1&XN3BH ;; Miocardiopatía alcohólica → BC43.01 [who_api, 0.0%] → BC43.01 ;; Endocarditis crónica → NR-CARD-006 [nr, 0.0%] → NR-CARD-006"
,1,"[""NR-NEUR-015"", ""9C85.02"", ""8E4A.0"", ""1D00.Z"", ""8E4A.0""]","[""N/A"", ""Desconocido"", ""N/A"", ""N/A"", ""N/A""]","[""unclassified"", ""unknown"", ""common"", ""common"", ""common""]",Encefalitis anti-NMDAR | Síndrome opsoclonos-mioclonía | Encefalitis límbica paraneoplásica | Encefalitis anti-GABAB | Encefalitis autoinmune con anticuerpos VGKC,"Encefalitis anti-NMDAR → NR-NEUR-015 [nr, 0.0%] → NR-NEUR-015 ;; Síndrome opsoclonos-mioclonía → Síndrome opsoclono-mioclono [fuzzy_validated, 92.9%] → 9C85.02 ;; Encefalitis límbica paraneoplásica → OBSOLETO: Encefalitis límbica paraneoplásica clásica [semantic_who, 0.0%] → 8E4A.0 ;; Encefalitis anti-GABAB → 1D00.Z [who_api, 0.0%] → 1D00.Z ;; Encefalitis autoinmune con anticuerpos VGKC → 8E4A.0 [who_api, 0.0%] → 8E4A.0"
,1,"[""KA62.0"", ""KA62.8"", ""1D82.Z"", ""1F00.Z"", ""KA64.0""]","[""N/A"", ""Desconocido"", ""N/A"", ""N/A"", ""Desconocido""]","[""common"", ""unknown"", ""common"", ""common"", ""unknown""]",Síndrome congénito por Zika | Síndrome congénito de rubella | Infección por citomegalovirus | Herpes simplex congénito | Toxoplasmosis congénita,"Síndrome congénito por Zika → KA62.0 [who_api, 0.0%] → KA62.0 ;; Síndrome congénito de rubella → Síndrome de rubéola congénita [fuzzy_validated, 89.7%] → KA62.8 ;; Infección por citomegalovirus → 1D82.Z [who_api, 0.0%] → 1D82.Z ;; Herpes simplex congénito → 1F00.Z [who_api, 0.0%] → 1F00.Z ;; Toxoplasmosis congénita → Toxoplasmosis congénita [exact, 100.0%] → KA64.0"
,1,"[""4A44.92"", ""4A44.A0"", ""4A40.0"", ""4A44.BZ"", ""4A44.Y""]","[""Desconocido"", ""1-9 / 100 000"", ""1-5 / 10 000"", ""N/A"", ""Desconocido""]","[""unknown"", ""very_rare"", ""unknown"", ""common"", ""unknown""]",Vasculitis IgA | Poliangeítis microscópica | Lupus eritematoso sistémico | Vasculitis leucocitoclástica | Vasculitis infecciosa,"Vasculitis IgA → Vasculitis por inmunoglobulina A [exact, 100.0%] → 4A44.92 ;; Poliangeítis microscópica → Poliangeitis microscópica [exact, 100.0%] → 4A44.A0 ;; Lupus eritematoso sistémico → Lupus eritematoso sistémico [exact, 100.0%] → 4A40.0 ;; Vasculitis leucocitoclástica → 4A44.BZ [who_api, 0.0%] → 4A44.BZ ;; Vasculitis infecciosa → Vasculitis postinfecciosa [fuzzy_validated, 91.3%] → 4A44.Y"
,1,"[""1F04"", ""NR-DERM-011"", ""1F02"", ""EA12"", ""EA00""]","[""N/A"", ""N/A"", ""N/A"", ""N/A"", ""N/A""]","[""common"", ""unclassified"", ""common"", ""common"", ""common""]",Eritema infeccioso | Pityriasis rosea | Rubéola | Síndrome de Gianotti‑Crosti | Enantema viral de contacto,"Eritema infeccioso → 1F04 [who_api, 0.0%] → 1F04 ;; Pityriasis rosea → NR-DERM-011 [nr, 0.0%] → NR-DERM-011 ;; Rubéola → 1F02 [who_api, 0.0%] → 1F02 ;; Síndrome de Gianotti‑Crosti → EA12 [who_api, 0.0%] → EA12 ;; Enantema viral de contacto → EA00 [who_api, 0.0%] → EA00"
,1,"[""1F54.2"", ""1F2J.3"", ""1B12.8"", ""1A91"", ""EK5Y""]","[""1-9 / 1 000 000"", ""Desconocido"", ""N/A"", ""N/A"", ""N/A""]","[""ultra_rare"", ""unknown"", ""unclassified"", ""common"", ""common""]",Leishmaniasis cutánea | Sporotricosis | Tuberculosis cutánea | Granuloma inguinal | Dermatitis de contacto,"Leishmaniasis cutánea → Leishmaniasis [semantic, 0.0%] → 1F54.2 ;; Sporotricosis → Esporotricosis [fuzzy_validated, 96.3%] → 1F2J.3 ;; Tuberculosis cutánea → Tuberculosis cutánea primaria [semantic, 0.0%] → 1B12.8 ;; Granuloma inguinal → 1A91 [who_api, 0.0%] → 1A91 ;; Dermatitis de contacto → EK5Y [who_api, 0.0%] → EK5Y"
,1,"[""1C31.Z"", ""1C3Y"", ""1F52"", ""1B91"", ""1G40""]","[""N/A"", ""<1 / 1 000 000"", ""<1 / 1 000 000"", ""1-9 / 1 000 000"", ""N/A""]","[""common"", ""ultra_rare"", ""ultra_rare"", ""ultra_rare"", ""common""]",Fiebre maculosa | Ehrlichiosis | Babesiosis | Leptospirosis | Sepsis bacteriana,"Fiebre maculosa → 1C31.Z [who_api, 0.0%] → 1C31.Z ;; Ehrlichiosis → Erliquiosis [semantic, 0.0%] → 1C3Y ;; Babesiosis → Babesiosis [exact, 100.0%] → 1F52 ;; Leptospirosis → Leptospirosis [exact, 100.0%] → 1B91 ;; Sepsis bacteriana → 1G40 [who_api, 0.0%] → 1G40"
,1,"[""2A3Z"", ""3B64.14"", ""3A21.0"", ""2A60"", ""2D42""]","[""1-9 / 100 000"", ""Desconocido"", ""1-9 / 100 000"", ""1-5 / 10 000"", ""N/A""]","[""very_rare"", ""unknown"", ""very_rare"", ""unknown"", ""common""]",Síndrome mielodisplásico | Púrpura trombocitopénica trombótica | Hemoglobinuria paroxística nocturna | Leucemia aguda | Neoplasia sólida pélvica,"Síndrome mielodisplásico → Síndrome mielodisplásico [exact_who, 100.0%] → 2A3Z ;; Púrpura trombocitopénica trombótica → Púrpura trombótica trombocitopénica [fuzzy_validated, 100.0%] → 3B64.14 ;; Hemoglobinuria paroxística nocturna → Hemoglobinuria paroxística nocturna [exact, 100.0%] → 3A21.0 ;; Leucemia aguda → Leucemia mieloide aguda [semantic, 0.0%] → 2A60 ;; Neoplasia sólida pélvica → 2D42 [who_api, 0.0%] → 2D42"
,1,"[""MA16.00"", ""MA16.00"", ""1F52"", ""3A10.00"", ""MA16.00""]","[""N/A"", ""N/A"", ""<1 / 1 000 000"", ""<1 / 1 000 000"", ""N/A""]","[""common"", ""common"", ""ultra_rare"", ""ultra_rare"", ""common""]",Hemólisis autoinmune fría | Hemólisis autoinmune tibio‑cálida | Babesiosis | Deficiencia de glucosa-6-fosfato deshidrogenasa | Hemólisis autoinmune,"Hemólisis autoinmune fría → MA16.00 [who_api, 0.0%] → MA16.00 ;; Hemólisis autoinmune tibio‑cálida → MA16.00 [who_api, 0.0%] → MA16.00 ;; Babesiosis → Babesiosis [exact, 100.0%] → 1F52 ;; Deficiencia de glucosa-6-fosfato deshidrogenasa → Deficiencia de glucosa-6-fosfato deshidrogenasa clase I [semantic, 0.0%] → 3A10.00 ;; Hemólisis autoinmune → MA16.00 [who_api, 0.0%] → MA16.00"
,1,"[""1F20.0Z"", ""1B21.0"", ""4A44.4"", ""CA40.0Z"", ""CB40.Y""]","[""N/A"", ""1-9 / 100 000"", ""1-9 / 100 000"", ""N/A"", ""N/A""]","[""common"", ""very_rare"", ""very_rare"", ""common"", ""common""]",Aspergilosis invasiva | Infección por micobacterias no tuberculosas | Poliarteritis nodosa | Neumonía bacteriana invasiva | Enfermedad pulmonar inducida por fármacos,"Aspergilosis invasiva → 1F20.0Z [who_api, 0.0%] → 1F20.0Z ;; Infección por micobacterias no tuberculosas → Infección pulmonar por micobacterias no tuberculosas [fuzzy_validated, 90.5%] → 1B21.0 ;; Poliarteritis nodosa → Poliarteritis nodosa [exact, 100.0%] → 4A44.4 ;; Neumonía bacteriana invasiva → CA40.0Z [who_api, 0.0%] → CA40.0Z ;; Enfermedad pulmonar inducida por fármacos → CB40.Y [who_api, 0.0%] → CB40.Y"
,2,"[""DB98.3"", ""1B21.0"", ""1B10"", ""CA82.4"", ""MD22""]","[""Desconocido"", ""1-9 / 100 000"", ""N/A"", ""Desconocido"", ""N/A""]","[""unknown"", ""very_rare"", ""unclassified"", ""unknown"", ""common""]",Fiebre Q | Micobacterias no tuberculosas | Tuberculosis pulmonar | Aspergilosis pulmonar | Hemoptisis pulmonar idiopática,"Fiebre Q → Fiebre Q [exact, 100.0%] → DB98.3 ;; Micobacterias no tuberculosas → Infección pulmonar por micobacterias no tuberculosas [semantic, 0.0%] → 1B21.0 ;; Tuberculosis pulmonar → Tuberculosis pulmonar primaria [semantic, 0.0%] → 1B10 ;; Aspergilosis pulmonar → Aspergilosis bronco-pulmonar alérgica [semantic, 0.0%] → CA82.4 ;; Hemoptisis pulmonar idiopática → MD22 [who_api, 0.0%] → MD22"
,2,"[""DD93.Y"", ""8A80.4"", ""DA42.80"", ""NR-GAST-002"", ""DB10.0""]","[""N/A"", ""N/A"", ""N/A"", ""N/A"", ""N/A""]","[""common"", ""common"", ""common"", ""unclassified"", ""common""]",Síndrome de migraña abdominal | Síndrome de vómitos cíclicos | Gastritis alcohólico | Obstrucción intestinal pseudo‑obstétrica | Apendicitis aguda,"Síndrome de migraña abdominal → DD93.Y [who_api, 0.0%] → DD93.Y ;; Síndrome de vómitos cíclicos → 8A80.4 [who_api, 0.0%] → 8A80.4 ;; Gastritis alcohólico → DA42.80 [who_api, 0.0%] → DA42.80 ;; Obstrucción intestinal pseudo‑obstétrica → NR-GAST-002 [nr, 0.0%] → NR-GAST-002 ;; Apendicitis aguda → DB10.0 [who_api, 0.0%] → DB10.0"
,2,"[""8A66.0"", ""8B22.8"", ""8E47/GB6Z"", ""5B5A.10"", ""8E47""]","[""N/A"", ""N/A"", ""N/A"", ""<1 / 1 000 000"", ""N/A""]","[""common"", ""common"", ""common"", ""ultra_rare"", ""common""]",Estado epiléptico no convulsivo | Encefalopatía hipertensiva | Encefalopatía por insuficiencia renal | Encefalopatía por deficiencia de tiamina | Encefalopatía infecciosa,"Estado epiléptico no convulsivo → 8A66.0 [who_api, 0.0%] → 8A66.0 ;; Encefalopatía hipertensiva → 8B22.8 [who_api, 0.0%] → 8B22.8 ;; Encefalopatía por insuficiencia renal → 8E47/GB6Z [who_api, 0.0%] → 8E47/GB6Z ;; Encefalopatía por deficiencia de tiamina → Encefalopatía infantil por deficiencia de tiamina pirofosfoquinasa [semantic_who, 0.0%] → 5B5A.10 ;; Encefalopatía infecciosa → Encefalitis infecciosa [semantic_who, 0.0%] → 8E47"
,2,"[""MF85"", ""4A44.AZ"", ""4A40.0"", ""CB04.30"", ""NR-REN-001""]","[""Desconocido"", ""N/A"", ""1-5 / 10 000"", ""Desconocido"", ""N/A""]","[""unknown"", ""common"", ""unknown"", ""unknown"", ""unclassified""]",Síndrome anti‑GBM | Vasculitis ANCA asociada | Lupus eritematoso sistémico | Hemosiderosis pulmonar idiopática | Síndrome de membranopatía granular IgA,"Síndrome anti‑GBM → Enfermedad por anticuerpos antimembrana basal glomerular [semantic, 0.0%] → MF85 ;; Vasculitis ANCA asociada → 4A44.AZ [who_api, 0.0%] → 4A44.AZ ;; Lupus eritematoso sistémico → Lupus eritematoso sistémico [exact, 100.0%] → 4A40.0 ;; Hemosiderosis pulmonar idiopática → Hemosiderosis pulmonar idiopática [exact, 100.0%] → CB04.30 ;; Síndrome de membranopatía granular IgA → NR-REN-001 [nr, 0.0%] → NR-REN-001"
,2,"[""1B12.1"", ""4B20.1"", ""9A96.1/FA24.Z"", ""4A44.A1"", ""NR-INFEC-001""]","[""N/A"", ""6-9 / 10 000"", ""N/A"", ""1-9 / 100 000"", ""N/A""]","[""common"", ""rare"", ""common"", ""very_rare"", ""unclassified""]",Uveítis tuberculosa | Sarcoidosis ocular | Uveítis asociada a artritis idiopática juvenil | Granulomatosis con poliangeítis | Infección por Bartonella henselae,"Uveítis tuberculosa → 1B12.1 [who_api, 0.0%] → 1B12.1 ;; Sarcoidosis ocular → Sarcoidosis [semantic, 0.0%] → 4B20.1 ;; Uveítis asociada a artritis idiopática juvenil → 9A96.1/FA24.Z [who_api, 0.0%] → 9A96.1/FA24.Z ;; Granulomatosis con poliangeítis → Granulomatosis con poliangeítis [exact, 100.0%] → 4A44.A1 ;; Infección por Bartonella henselae → NR-INFEC-001 [nr, 0.0%] → NR-INFEC-001"
,2,"[""5C63.20"", ""5C63.21"", ""5A50.Z"", ""GB90.42"", ""5C63.22""]","[""1-5 / 10 000"", ""Desconocido"", ""N/A"", ""N/A"", ""Desconocido""]","[""unknown"", ""unknown"", ""common"", ""common"", ""unknown""]",Raquitismo por deficiencia nutricional de vitamina D | Raquitismo por deficiencia de vitamina D tipo II | Hipoparatiroidismo | Síndrome de Fanconi | Raquitismo hipofosfatémico,"Raquitismo por deficiencia nutricional de vitamina D → Raquitismo hipocalcémico dependiente de vitamina D [semantic, 0.0%] → 5C63.20 ;; Raquitismo por deficiencia de vitamina D tipo II → Raquitismo hipocalcémico resistente a la vitamina D [semantic, 0.0%] → 5C63.21 ;; Hipoparatiroidismo → Hipoparatiroidismo raro [fuzzy_validated_who, 87.8%] → 5A50.Z ;; Síndrome de Fanconi → GB90.42 [who_api, 0.0%] → GB90.42 ;; Raquitismo hipofosfatémico → Raquitismo hipofosfatémico [exact, 100.0%] → 5C63.22"
,2,"[""NR-HEMAT-004"", ""NR-HEMAT-003"", ""3B20"", ""2A40"", ""MA16.00""]","[""N/A"", ""N/A"", ""N/A"", ""1-9 / 1 000 000"", ""N/A""]","[""unclassified"", ""unclassified"", ""common"", ""ultra_rare"", ""common""]",TTP | MDS/AML | Coagulación intravascular diseminada | Leucemia mielomonocítica crónica | Hemólisis mecánica,"TTP → NR-HEMAT-004 [nr, 0.0%] → NR-HEMAT-004 ;; MDS/AML → NR-HEMAT-003 [nr, 0.0%] → NR-HEMAT-003 ;; Coagulación intravascular diseminada → Disseminated intravascular coagulation associated with a vascular anomaly [semantic_who, 0.0%] → 3B20 ;; Leucemia mielomonocítica crónica → Leucemia mielomonocítica crónica [exact, 100.0%] → 2A40 ;; Hemólisis mecánica → MA16.00 [who_api, 0.0%] → MA16.00"
,2,"[""4A44.5"", ""1C31.0"", ""4A44.92"", ""1B50"", ""1C45.1""]","[""Desconocido"", ""Desconocido"", ""Desconocido"", ""N/A"", ""Desconocido""]","[""unknown"", ""unknown"", ""unknown"", ""unclassified"", ""unknown""]",Enfermedad de Kawasaki | Fiebre de las Montañas Rocosas | Púrpura de Henoch‑Schönlein | Escarlatinismo | Síndrome de shock tóxico,"Enfermedad de Kawasaki → Enfermedad de Kawasaki [exact, 100.0%] → 4A44.5 ;; Fiebre de las Montañas Rocosas → Fiebre maculosa de las Montañas Rocosas [fuzzy_validated, 87.0%] → 1C31.0 ;; Púrpura de Henoch‑Schönlein → Vasculitis por inmunoglobulina A [semantic, 0.0%] → 4A44.92 ;; Escarlatinismo → Fiebre escarlata [semantic, 0.0%] → 1B50 ;; Síndrome de shock tóxico → Síndrome del shock tóxico estafilocócico [semantic, 0.0%] → 1C45.1"
,2,"[""5D00.0"", ""2A83.1"", ""2A83.52"", ""BD10"", ""BD5Y""]","[""1-9 / 100 000"", ""1-5 / 10 000"", ""N/A"", ""N/A"", ""<1 / 1 000 000""]","[""very_rare"", ""unknown"", ""unclassified"", ""common"", ""ultra_rare""]",Amiloidosis AL | Mieloma múltiple | Enfermedad por depósito de cadenas ligeras | Insuficiencia cardiaca congestiva | Síndrome de fuga capilar,"Amiloidosis AL → Amiloidosis AL [exact, 100.0%] → 5D00.0 ;; Mieloma múltiple → Mieloma múltiple [exact, 100.0%] → 2A83.1 ;; Enfermedad por depósito de cadenas ligeras → Enfermedad por depósito de cadenas ligeras [exact, 100.0%] → 2A83.52 ;; Insuficiencia cardiaca congestiva → BD10 [who_api, 0.0%] → BD10 ;; Síndrome de fuga capilar → Síndrome de extravasación capilar sistémica [exact, 100.0%] → BD5Y"
,2,"[""5A03.1"", ""5A03.Z"", ""2B33.5"", ""2D10.4"", ""4B20.1""]","[""N/A"", ""N/A"", ""Desconocido"", ""1-9 / 100 000"", ""6-9 / 10 000""]","[""common"", ""common"", ""unknown"", ""very_rare"", ""rare""]",Tiroiditis subaguda | Tiroiditis tuberculosa | Linfoma de tiroides | Carcinoma de tiroides | Sarcoidosis,"Tiroiditis subaguda → 5A03.1 [who_api, 0.0%] → 5A03.1 ;; Tiroiditis tuberculosa → 5A03.Z [who_api, 0.0%] → 5A03.Z ;; Linfoma de tiroides → Linfoma tiroideo [fuzzy_validated, 85.7%] → 2B33.5 ;; Carcinoma de tiroides → Carcinoma medular de tiroides [semantic, 0.0%] → 2D10.4 ;; Sarcoidosis → Sarcoidosis [exact, 100.0%] → 4B20.1"
,2,"[""5C64.5"", ""MG47"", ""NR-ENDOC-003"", ""5A51.2"", ""1B1Z""]","[""<1 / 1 000 000"", ""N/A"", ""N/A"", ""Desconocido"", ""1-5 / 10 000""]","[""ultra_rare"", ""common"", ""unclassified"", ""unknown"", ""unknown""]",Hipercalcemia idiopática de lactante | Intoxicación por vitamina D | Síndrome de calcio‑álcali | Hipercalcemia familiar hipocalciúrica | Tuberculosis,"Hipercalcemia idiopática de lactante → Hipercalcemia del lactante autosómica recesiva [semantic, 0.0%] → 5C64.5 ;; Intoxicación por vitamina D → MG47 [who_api, 0.0%] → MG47 ;; Síndrome de calcio‑álcali → NR-ENDOC-003 [nr, 0.0%] → NR-ENDOC-003 ;; Hipercalcemia familiar hipocalciúrica → Hipercalcemia hipocalciúrica familiar [fuzzy_validated, 100.0%] → 5A51.2 ;; Tuberculosis → Tuberculosis [exact_who, 100.0%] → 1B1Z"
,2,"[""2A60"", ""XH4XG8"", ""MA16.11"", ""2B33.3"", ""2A4Z""]","[""1-5 / 10 000"", ""1-9 / 100 000"", ""N/A"", ""1-5 / 10 000"", ""1-9 / 100 000""]","[""unknown"", ""very_rare"", ""common"", ""unknown"", ""very_rare""]",Leucemia mieloide aguda | Leucemia mieloide crónica | Leucemoide reacción | Leucemia linfoblástica aguda | Neoplasia mieloproliferativa,"Leucemia mieloide aguda → Leucemia mieloide aguda [exact, 100.0%] → 2A60 ;; Leucemia mieloide crónica → Leucemia mieloide crónica [exact, 100.0%] → XH4XG8 ;; Leucemoide reacción → MA16.11 [who_api, 0.0%] → MA16.11 ;; Leucemia linfoblástica aguda → Leucemia linfoblástica aguda [exact_who, 100.0%] → 2B33.3 ;; Neoplasia mieloproliferativa → Neoplasia mieloproliferativa [exact_who, 100.0%] → 2A4Z"
,2,"[""4A41.1"", ""4A43.Y"", ""NR-OTR-007"", ""4A41.00"", ""8C80""]","[""1-9 / 100 000"", ""1-9 / 100 000"", ""N/A"", ""1-9 / 100 000"", ""N/A""]","[""very_rare"", ""very_rare"", ""unclassified"", ""very_rare"", ""common""]",Polimiositis | Síndrome antisintetasa | Síndrome de tejido conectivo mixto | Dermatomiositis | Miopatía por fármacos,"Polimiositis → Polimiositis [exact, 100.0%] → 4A41.1 ;; Síndrome antisintetasa → Síndrome antisintetasa [exact, 100.0%] → 4A43.Y ;; Síndrome de tejido conectivo mixto → NR-OTR-007 [nr, 0.0%] → NR-OTR-007 ;; Dermatomiositis → Dermatomiositis [exact, 100.0%] → 4A41.00 ;; Miopatía por fármacos → OBSOLETO: Miopatía tóxica y/o por fármacos [semantic_who, 0.0%] → 8C80"
,2,"[""LD2C"", ""5A4Y"", ""LD2C"", ""LD2F.1Y"", ""5A4Y""]","[""N/A"", ""Desconocido"", ""<1 / 1 000 000"", ""<1 / 1 000 000"", ""N/A""]","[""common"", ""unknown"", ""ultra_rare"", ""ultra_rare"", ""common""]",Síndrome de Beckwith‑Wiedemann | Hiperinsulinismo congénito | Síndrome de Simpson‑Golabi‑Behmel | Síndrome de Pallister‑Hall | Hiperinsulinismo paraneoplásico,"Síndrome de Beckwith‑Wiedemann → LD2C [who_api, 0.0%] → LD2C ;; Hiperinsulinismo congénito → Hiperinsulinismo congénito aislado [fuzzy_validated_who, 86.7%] → 5A4Y ;; Síndrome de Simpson‑Golabi‑Behmel → Síndrome de Simpson-Golabi-Behmel [semantic, 0.0%] → LD2C ;; Síndrome de Pallister‑Hall → Síndrome de Pallister-Hall [semantic, 0.0%] → LD2F.1Y ;; Hiperinsulinismo paraneoplásico → 5A4Y [who_api, 0.0%] → 5A4Y"
,2,"[""CA82.4"", ""4A44.A2"", ""4B03.Z"", ""CB02.11"", ""1F68.0""]","[""Desconocido"", ""1-9 / 100 000"", ""Desconocido"", ""Desconocido"", ""Desconocido""]","[""unknown"", ""very_rare"", ""unknown"", ""unknown"", ""unknown""]",Bronquitis alérgica con aspergilosis | Granulomatosis con poliangeítis eosinofílica | Síndrome de eosinofilia hipereosinofílica | Neumonía eosinófila crónica | Infección parasitaria,"Bronquitis alérgica con aspergilosis → Aspergilosis bronco-pulmonar alérgica [semantic, 0.0%] → CA82.4 ;; Granulomatosis con poliangeítis eosinofílica → Granulomatosis eosinofílica con poliangeítis [fuzzy_validated, 100.0%] → 4A44.A2 ;; Síndrome de eosinofilia hipereosinofílica → Síndrome hipereosinofílico primario [semantic_who, 0.0%] → 4B03.Z ;; Neumonía eosinófila crónica → Neumonía eosinofílica crónica idiopática [semantic, 0.0%] → CB02.11 ;; Infección parasitaria → Anquilostomiasis [semantic, 0.0%] → 1F68.0"
,2,"[""NR-NEUR-005"", ""1D00.Z"", ""2A8Z"", ""4B20.1"", ""BE2Z""]","[""N/A"", ""N/A"", ""1-9 / 1 000 000"", ""6-9 / 10 000"", ""N/A""]","[""unclassified"", ""common"", ""ultra_rare"", ""rare"", ""common""]",Neuro‑SLE | Encefalitis IgG4 relacionada | Linfoma cerebral | Neurosarcoidosis | Vasculopatía malformada persistente,"Neuro‑SLE → NR-NEUR-005 [nr, 0.0%] → NR-NEUR-005 ;; Encefalitis IgG4 relacionada → 1D00.Z [who_api, 0.0%] → 1D00.Z ;; Linfoma cerebral → Linfoma primario del sistema nervioso central [semantic, 0.0%] → 2A8Z ;; Neurosarcoidosis → Sarcoidosis [semantic, 0.0%] → 4B20.1 ;; Vasculopatía malformada persistente → BE2Z [who_api, 0.0%] → BE2Z"
,2,"[""4A01.01"", ""DD70.Z"", ""DA95"", ""2B33.5"", ""NR-INFEC-002""]","[""N/A"", ""N/A"", ""Desconocido"", ""N/A"", ""N/A""]","[""common"", ""common"", ""unknown"", ""common"", ""unclassified""]",Inmunodeficiencia común variable | Enfermedad de Crohn | Enfermedad celíaca refractaria | Linfoma entérico | Enteropatía infecciosa crónica,"Inmunodeficiencia común variable → 4A01.01 [who_api, 0.0%] → 4A01.01 ;; Enfermedad de Crohn → DD70.Z [who_api, 0.0%] → DD70.Z ;; Enfermedad celíaca refractaria → Enfermedad celíaca refractaria [exact, 100.0%] → DA95 ;; Linfoma entérico → 2B33.5 [who_api, 0.0%] → 2B33.5 ;; Enteropatía infecciosa crónica → NR-INFEC-002 [nr, 0.0%] → NR-INFEC-002"
,2,"[""NR-NEUR-006"", ""8E4A.0"", ""NR-NEUR-008"", ""1C80"", ""NR-NEUR-009""]","[""N/A"", ""<1 / 1 000 000"", ""N/A"", ""N/A"", ""N/A""]","[""unclassified"", ""ultra_rare"", ""unclassified"", ""common"", ""unclassified""]",Encefalitis anti‑NMDAR | Encefalopatía Hashimoto | Encefalitis anti‑LGI1/anti‑CASPR2 | Encefalitis viral postinfecciosa | Síndrome neurolítico autoinmune,"Encefalitis anti‑NMDAR → NR-NEUR-006 [nr, 0.0%] → NR-NEUR-006 ;; Encefalopatía Hashimoto → Encefalopatía sensible a esteroides asociada a tiroiditis autoinmune [semantic, 0.0%] → 8E4A.0 ;; Encefalitis anti‑LGI1/anti‑CASPR2 → NR-NEUR-008 [nr, 0.0%] → NR-NEUR-008 ;; Encefalitis viral postinfecciosa → OBSOLETO: Encefalitis post-infecciosa [semantic_who, 0.0%] → 1C80 ;; Síndrome neurolítico autoinmune → NR-NEUR-009 [nr, 0.0%] → NR-NEUR-009"
,2,"[""4A43.0"", ""2B31.Y&XH1VJ3"", ""4A43.0"", ""2A83.1"", ""2A80.Y""]","[""N/A"", ""N/A"", ""1-9 / 100 000"", ""1-5 / 10 000"", ""1-5 / 10 000""]","[""common"", ""common"", ""very_rare"", ""unknown"", ""unknown""]",Enfermedad IgG4‑relacionada | Enfermedad de Erdheim‑Chester | Fibrosis retroperitoneal idiopática | Mieloma múltiple | Linfoma B celular,"Enfermedad IgG4‑relacionada → 4A43.0 [who_api, 0.0%] → 4A43.0 ;; Enfermedad de Erdheim‑Chester → 2B31.Y&XH1VJ3 [who_api, 0.0%] → 2B31.Y&XH1VJ3 ;; Fibrosis retroperitoneal idiopática → Fibrosis retroperitoneal asociada a IgG4 [exact, 100.0%] → 4A43.0 ;; Mieloma múltiple → Mieloma múltiple [exact, 100.0%] → 2A83.1 ;; Linfoma B celular → Linfoma folicular [semantic, 0.0%] → 2A80.Y"
,2,"[""1F2C"", ""1C41"", ""3B20"", ""4A44"", ""EH7Z""]","[""N/A"", ""N/A"", ""Desconocido"", ""1-9 / 100 000"", ""N/A""]","[""common"", ""common"", ""unknown"", ""very_rare"", ""common""]",Mucormicosis cutánea | Infección bacteriana | Púrpura fulminante | Vasculopatía | Reacción adversa a medicamentos,"Mucormicosis cutánea → 1F2C [who_api, 0.0%] → 1F2C ;; Infección bacteriana → 1C41 [who_api, 0.0%] → 1C41 ;; Púrpura fulminante → Púrpura fulminante adquirido [semantic, 0.0%] → 3B20 ;; Vasculopatía → Vasculitis [semantic, 0.0%] → 4A44 ;; Reacción adversa a medicamentos → EH7Z [who_api, 0.0%] → EH7Z"
,2,"[""JB4Z"", ""JB4Z"", ""6B00"", ""6B43"", ""6E21""]","[""N/A"", ""N/A"", ""N/A"", ""N/A"", ""1-9 / 100 000""]","[""common"", ""common"", ""common"", ""common"", ""very_rare""]",Trastorno obsesivo‑compulsivo posparto | Trastorno depresivo posparto | Trastorno de ansiedad generalizada | Trastorno de adaptación | Psicosis posparto,"Trastorno obsesivo‑compulsivo posparto → JB4Z [who_api, 0.0%] → JB4Z ;; Trastorno depresivo posparto → JB4Z [who_api, 0.0%] → JB4Z ;; Trastorno de ansiedad generalizada → 6B00 [who_api, 0.0%] → 6B00 ;; Trastorno de adaptación → 6B43 [who_api, 0.0%] → 6B43 ;; Psicosis posparto → Psicosis posparto [exact, 100.0%] → 6E21"
,2,"[""EB20"", ""EB21"", ""JB40.0"", ""DC50.Z"", ""4A40.0""]","[""Desconocido"", ""Desconocido"", ""N/A"", ""N/A"", ""1-5 / 10 000""]","[""unknown"", ""unknown"", ""common"", ""common"", ""unknown""]",Síndrome de Sweet | Pioderma gangrenoso | Sepsis estéril postparto | Peritonitis postparto | Lupus eritematoso sistémico,"Síndrome de Sweet → Síndrome de Sweet [exact, 100.0%] → EB20 ;; Pioderma gangrenoso → Pioderma gangrenoso [exact, 100.0%] → EB21 ;; Sepsis estéril postparto → JB40.0 [who_api, 0.0%] → JB40.0 ;; Peritonitis postparto → DC50.Z [who_api, 0.0%] → DC50.Z ;; Lupus eritematoso sistémico → Lupus eritematoso sistémico [exact, 100.0%] → 4A40.0"
,2,"[""NR-INFEC-003"", ""DB98.5"", ""BB00.Z"", ""DC13"", ""DC12.0Z""]","[""N/A"", ""1-9 / 100 000"", ""N/A"", ""N/A"", ""N/A""]","[""unclassified"", ""very_rare"", ""common"", ""common"", ""common""]",Infección por Streptococcus anginosus | Síndrome de Budd‑Chiari | Embolia pulmonar séptica | Colangitis aguda | Colecistitis aguda,"Infección por Streptococcus anginosus → NR-INFEC-003 [nr, 0.0%] → NR-INFEC-003 ;; Síndrome de Budd‑Chiari → Síndrome de Budd-Chiari [fuzzy_validated, 95.7%] → DB98.5 ;; Embolia pulmonar séptica → BB00.Z [who_api, 0.0%] → BB00.Z ;; Colangitis aguda → DC13 [who_api, 0.0%] → DC13 ;; Colecistitis aguda → DC12.0Z [who_api, 0.0%] → DC12.0Z"
,2,"[""NR-ONCOL-002"", ""2C73.2"", ""2C73.1"", ""2C73.0Z"", ""NR-ONCOL-003""]","[""N/A"", ""1-9 / 1 000 000"", ""Desconocido"", ""N/A"", ""N/A""]","[""unclassified"", ""ultra_rare"", ""unknown"", ""common"", ""unclassified""]",Tumor granulo‑celular juvenil | Tumor de células de la granulosa | Disgerminoma | Carcinoma seroso de ovario | Neoplasias estrogénicas,"Tumor granulo‑celular juvenil → NR-ONCOL-002 [nr, 0.0%] → NR-ONCOL-002 ;; Tumor de células de la granulosa → Tumor maligno de células de la granulosa de ovario [fuzzy_validated, 88.9%] → 2C73.2 ;; Disgerminoma → Disgerminoma ovárico [semantic, 0.0%] → 2C73.1 ;; Carcinoma seroso de ovario → 2C73.0Z [who_api, 0.0%] → 2C73.0Z ;; Neoplasias estrogénicas → NR-ONCOL-003 [nr, 0.0%] → NR-ONCOL-003"
,2,"[""CA40.20"", ""1B10"", ""LA75.1"", ""1B21.0"", ""CB03.Z""]","[""N/A"", ""N/A"", ""N/A"", ""1-9 / 100 000"", ""N/A""]","[""common"", ""unclassified"", ""common"", ""very_rare"", ""common""]",Neumonía por Pneumocystis | Tuberculosis pulmonar | Organización pulmonar | Micobacterias no tuberculosas | Neumonía intersticial por inmunosupresión,"Neumonía por Pneumocystis → CA40.20 [who_api, 0.0%] → CA40.20 ;; Tuberculosis pulmonar → Tuberculosis pulmonar primaria [semantic, 0.0%] → 1B10 ;; Organización pulmonar → LA75.1 [who_api, 0.0%] → LA75.1 ;; Micobacterias no tuberculosas → Infección pulmonar por micobacterias no tuberculosas [semantic, 0.0%] → 1B21.0 ;; Neumonía intersticial por inmunosupresión → CB03.Z [who_api, 0.0%] → CB03.Z"
,2,"[""2A85.4"", ""2A83.2"", ""2A81.2"", ""2A83.1"", ""4B2Y""]","[""Desconocido"", ""1-9 / 1 000 000"", ""N/A"", ""1-5 / 10 000"", ""Desconocido""]","[""unknown"", ""ultra_rare"", ""unclassified"", ""unknown"", ""unknown""]",Macroglobulinemia de Waldenström | Plasmocitoma extramedular | Linfoma plasmoblástico | Mieloma múltiple | Enfermedad de Castleman,"Macroglobulinemia de Waldenström → Macroglobulinemia de Waldenström [exact, 100.0%] → 2A85.4 ;; Plasmocitoma extramedular → Plasmacitoma extramedular de tejidos blandos [semantic, 0.0%] → 2A83.2 ;; Linfoma plasmoblástico → Linfoma plasmablástico [fuzzy_validated, 95.5%] → 2A81.2 ;; Mieloma múltiple → Mieloma múltiple [exact, 100.0%] → 2A83.1 ;; Enfermedad de Castleman → Enfermedad de Castleman [exact, 100.0%] → 4B2Y"
,2,"[""CA40.06"", ""1E32"", ""NR-RESP-004"", ""1C19"", ""CA40.03""]","[""N/A"", ""N/A"", ""N/A"", ""N/A"", ""N/A""]","[""common"", ""common"", ""unclassified"", ""unclassified"", ""common""]",Neumonía necrotizante por Staphylococcus aureus | Neumonía por Influenza A | Neumonía por SARS‑CoV‑2 | Legionelosis pulmonar | Neumonía por Klebsiella pneumoniae,"Neumonía necrotizante por Staphylococcus aureus → CA40.06 [who_api, 0.0%] → CA40.06 ;; Neumonía por Influenza A → 1E32 [who_api, 0.0%] → 1E32 ;; Neumonía por SARS‑CoV‑2 → NR-RESP-004 [nr, 0.0%] → NR-RESP-004 ;; Legionelosis pulmonar → Infección por Legionella [semantic, 0.0%] → 1C19 ;; Neumonía por Klebsiella pneumoniae → CA40.03 [who_api, 0.0%] → CA40.03"
,2,"[""1A11.1"", ""8C01.0"", ""1C8E.Z"", ""5A44"", ""8C60""]","[""Desconocido"", ""1-9 / 100 000"", ""N/A"", ""N/A"", ""1-5 / 10 000""]","[""unknown"", ""very_rare"", ""common"", ""common"", ""unknown""]",Botulismo infantil | Síndrome de Guillain‑Barré | Meningitis viral | Síndrome metabólico neurológico | Miastenia grave,"Botulismo infantil → Botulismo infantil [exact, 100.0%] → 1A11.1 ;; Síndrome de Guillain‑Barré → Síndrome de Guillain-Barré [semantic, 0.0%] → 8C01.0 ;; Meningitis viral → 1C8E.Z [who_api, 0.0%] → 1C8E.Z ;; Síndrome metabólico neurológico → 5A44 [who_api, 0.0%] → 5A44 ;; Miastenia grave → Miastenia grave [exact, 100.0%] → 8C60"
,2,"[""NR-INFEC-008"", ""2E03"", ""NR-MUSC-002"", ""4A60.Y"", ""NR-MUSC-003""]","[""N/A"", ""N/A"", ""N/A"", ""N/A"", ""N/A""]","[""unclassified"", ""common"", ""unclassified"", ""common"", ""unclassified""]",Infección protésica de la rodilla | Metástasis ósea | Aflojamiento aséptico con pseudotumor | Artritis granulomatosa | Tumor intra-articular,"Infección protésica de la rodilla → NR-INFEC-008 [nr, 0.0%] → NR-INFEC-008 ;; Metástasis ósea → 2E03 [who_api, 0.0%] → 2E03 ;; Aflojamiento aséptico con pseudotumor → NR-MUSC-002 [nr, 0.0%] → NR-MUSC-002 ;; Artritis granulomatosa → Artritis granulomatosa de la infancia [semantic_who, 0.0%] → 4A60.Y ;; Tumor intra-articular → NR-MUSC-003 [nr, 0.0%] → NR-MUSC-003"
,2,"[""1C31.0"", ""1C3Y"", ""NR-INFEC-006"", ""8A42"", ""8C01.0""]","[""Desconocido"", ""<1 / 1 000 000"", ""N/A"", ""Desconocido"", ""1-9 / 1 000 000""]","[""unknown"", ""ultra_rare"", ""unclassified"", ""unknown"", ""ultra_rare""]",Fiebre de Montaña Roca | Ehrlichiosis | Neuro-Lyme | Encefalomielitis diseminada aguda | Síndrome de Miller‑Fisher,"Fiebre de Montaña Roca → Fiebre maculosa de las Montañas Rocosas [semantic, 0.0%] → 1C31.0 ;; Ehrlichiosis → Erliquiosis [semantic, 0.0%] → 1C3Y ;; Neuro-Lyme → NR-INFEC-006 [nr, 0.0%] → NR-INFEC-006 ;; Encefalomielitis diseminada aguda → Encefalomielitis aguda diseminada [fuzzy_validated, 100.0%] → 8A42 ;; Síndrome de Miller‑Fisher → Síndrome de Miller-Fisher [semantic, 0.0%] → 8C01.0"
,2,"[""DB98.3"", ""NR-GAST-008"", ""DA42.Z"", ""DB34.0"", ""LA90.00""]","[""N/A"", ""N/A"", ""N/A"", ""N/A"", ""1-5 / 10 000""]","[""common"", ""unclassified"", ""common"", ""common"", ""unknown""]",Trombosis de la vena porta | Varices portales | Gastritis hipertensiva portal | Angiodisplasia intestinal | Enfermedad de Osler‑Weber‑Rendu,"Trombosis de la vena porta → DB98.3 [who_api, 0.0%] → DB98.3 ;; Varices portales → NR-GAST-008 [nr, 0.0%] → NR-GAST-008 ;; Gastritis hipertensiva portal → DA42.Z [who_api, 0.0%] → DA42.Z ;; Angiodisplasia intestinal → DB34.0 [who_api, 0.0%] → DB34.0 ;; Enfermedad de Osler‑Weber‑Rendu → Telangiectasia hemorrágica hereditaria [fuzzy_validated, 85.7%] → LA90.00"
,2,"[""2E90.6"", ""FB80.0"", ""CA0A.Z"", ""2E83.Z"", ""2E60.0""]","[""N/A"", ""Desconocido"", ""N/A"", ""N/A"", ""Desconocido""]","[""common"", ""unknown"", ""common"", ""common"", ""unknown""]",Fibroma ossificante juvenil | Displasia fibrosa | Sinusitis fúngica granulomatosa crónica | Osteoma sinonasal | Carcinoma nasofaríngeo,"Fibroma ossificante juvenil → 2E90.6 [who_api, 0.0%] → 2E90.6 ;; Displasia fibrosa → Displasia fibrosa de hueso [fuzzy_validated, 87.2%] → FB80.0 ;; Sinusitis fúngica granulomatosa crónica → CA0A.Z [who_api, 0.0%] → CA0A.Z ;; Osteoma sinonasal → 2E83.Z [who_api, 0.0%] → 2E83.Z ;; Carcinoma nasofaríngeo → Carcinoma nasofaríngeo [exact, 100.0%] → 2E60.0"
,2,"[""8A80.4"", ""DD91.4"", ""DA42.Z"", ""DA41.00"", ""DA90.2""]","[""N/A"", ""N/A"", ""N/A"", ""1-5 / 10 000"", ""Desconocido""]","[""common"", ""common"", ""common"", ""unknown"", ""unknown""]",Síndrome de Vómito Cíclico | Dolor abdominal funcional | Gastritis | Gastroparesia | Síndrome pseudo‑obstrucción intestinal,"Síndrome de Vómito Cíclico → 8A80.4 [who_api, 0.0%] → 8A80.4 ;; Dolor abdominal funcional → DD91.4 [who_api, 0.0%] → DD91.4 ;; Gastritis → DA42.Z [who_api, 0.0%] → DA42.Z ;; Gastroparesia → Gastroparesia idiopática [semantic, 0.0%] → DA41.00 ;; Síndrome pseudo‑obstrucción intestinal → Síndrome de pseudoobstrucción intestinal crónica [fuzzy_validated, 86.0%] → DA90.2"
,2,"[""BC42.Z"", ""BB2Z"", ""8C7Y"", ""1C1G.Z"", ""BC43.5""]","[""N/A"", ""N/A"", ""<1 / 1 000 000"", ""N/A"", ""Desconocido""]","[""common"", ""common"", ""ultra_rare"", ""common"", ""unknown""]",Miocarditis | Pericarditis | Brádelica neuromiopatía | Enfermedad de Lyme | Síndrome de takotsubo,"Miocarditis → BC42.Z [who_api, 0.0%] → BC42.Z ;; Pericarditis → BB2Z [who_api, 0.0%] → BB2Z ;; Brádelica neuromiopatía → Miopatía de Brody [semantic, 0.0%] → 8C7Y ;; Enfermedad de Lyme → 1C1G.Z [who_api, 0.0%] → 1C1G.Z ;; Síndrome de takotsubo → Miocardiopatía de tako-tsubo [fuzzy_validated, 97.7%] → BC43.5"
,2,"[""3A70.Z"", ""3A21.0"", ""2A3Z"", ""3A01.Y"", ""3A20""]","[""N/A"", ""1-9 / 100 000"", ""1-9 / 100 000"", ""N/A"", ""1-5 / 10 000""]","[""common"", ""very_rare"", ""very_rare"", ""common"", ""unknown""]",Anemia aplásica | Hemoglobinuria paroxística nocturna | Síndrome mielodisplásico | Anemia megaloblástica | Anemia hemolítica autoinmune,"Anemia aplásica → Anemia aplásica [exact_who, 100.0%] → 3A70.Z ;; Hemoglobinuria paroxística nocturna → Hemoglobinuria paroxística nocturna [exact, 100.0%] → 3A21.0 ;; Síndrome mielodisplásico → Síndrome mielodisplásico [exact_who, 100.0%] → 2A3Z ;; Anemia megaloblástica → 3A01.Y [who_api, 0.0%] → 3A01.Y ;; Anemia hemolítica autoinmune → Anemia hemolítica autoinmune [exact, 100.0%] → 3A20"
,2,"[""LD27.01"", ""DA96.0Y"", ""DD70.3"", ""5B5K.2"", ""2A90.7""]","[""Desconocido"", ""N/A"", ""N/A"", ""N/A"", ""<1 / 1 000 000""]","[""unknown"", ""common"", ""common"", ""common"", ""ultra_rare""]",Síndrome de Cronkhite‑Canada | Enteropatía autoinmune | Colitis ulcerosa/Crohn | Deficiencia de zinc | Linfoma intestinal,"Síndrome de Cronkhite‑Canada → Síndrome de Cronkhite-Canada [semantic, 0.0%] → LD27.01 ;; Enteropatía autoinmune → Enteropatía grave mediada por el sistema inmunitario [exact_who, 100.0%] → DA96.0Y ;; Colitis ulcerosa/Crohn → DD70.3 [who_api, 0.0%] → DD70.3 ;; Deficiencia de zinc → 5B5K.2 [who_api, 0.0%] → 5B5K.2 ;; Linfoma intestinal → Linfoma de células T asociado a enteropatía [semantic, 0.0%] → 2A90.7"
,2,"[""NR-DERM-009"", ""EB31"", ""EB20"", ""EB21"", ""NR-DERM-008""]","[""N/A"", ""N/A"", ""Desconocido"", ""Desconocido"", ""N/A""]","[""unclassified"", ""common"", ""unknown"", ""unknown"", ""unclassified""]",Panniculitis pancreática | Eritema nodoso | Síndrome de Sweet | Pyoderma gangrenoso | Panniculitis vasculítica,"Panniculitis pancreática → NR-DERM-009 [nr, 0.0%] → NR-DERM-009 ;; Eritema nodoso → EB31 [who_api, 0.0%] → EB31 ;; Síndrome de Sweet → Síndrome de Sweet [exact, 100.0%] → EB20 ;; Pyoderma gangrenoso → Pioderma gangrenoso [fuzzy_validated, 94.7%] → EB21 ;; Panniculitis vasculítica → NR-DERM-008 [nr, 0.0%] → NR-DERM-008"
,2,"[""2C61.0"", ""2E65.0"", ""2B56"", ""2D72&XA1B59"", ""2C34""]","[""N/A"", ""N/A"", ""<1 / 1 000 000"", ""N/A"", ""1-9 / 100 000""]","[""common"", ""common"", ""ultra_rare"", ""common"", ""very_rare""]",Carcinoma ductal de mama | Carcinoma lobulillar de mama | Angiosarcoma | Metástasis de tumor visceral | Carcinoma cutáneo,"Carcinoma ductal de mama → 2C61.0 [who_api, 0.0%] → 2C61.0 ;; Carcinoma lobulillar de mama → 2E65.0 [who_api, 0.0%] → 2E65.0 ;; Angiosarcoma → Angiosarcoma [exact, 100.0%] → 2B56 ;; Metástasis de tumor visceral → 2D72&XA1B59 [who_api, 0.0%] → 2D72&XA1B59 ;; Carcinoma cutáneo → Carcinoma neuroendocrino cutáneo [semantic, 0.0%] → 2C34"
,2,"[""NR-INFEC-014"", ""NR-INFEC-017"", ""NR-INFEC-015"", ""FC01.8"", ""NR-INFEC-018""]","[""N/A"", ""N/A"", ""N/A"", ""N/A"", ""N/A""]","[""unclassified"", ""unclassified"", ""unclassified"", ""common"", ""unclassified""]",Infección protésica por Mycobacterium bovis | Infección protésica por Cutibacterium acnes | Infección protésica por Staphylococcus epidermidis | Osteólisis periprotésica aseptica | Infección protésica por gérmenes gram‑negativos,"Infección protésica por Mycobacterium bovis → NR-INFEC-014 [nr, 0.0%] → NR-INFEC-014 ;; Infección protésica por Cutibacterium acnes → NR-INFEC-017 [nr, 0.0%] → NR-INFEC-017 ;; Infección protésica por Staphylococcus epidermidis → NR-INFEC-015 [nr, 0.0%] → NR-INFEC-015 ;; Osteólisis periprotésica aseptica → FC01.8 [who_api, 0.0%] → FC01.8 ;; Infección protésica por gérmenes gram‑negativos → NR-INFEC-018 [nr, 0.0%] → NR-INFEC-018"
,2,"[""JB42.1"", ""JA43.Z"", ""BB00.Z"", ""4A45"", ""NR-CARD-005""]","[""Desconocido"", ""N/A"", ""N/A"", ""Desconocido"", ""N/A""]","[""unknown"", ""common"", ""common"", ""unknown"", ""unclassified""]",Embolismo de líquido amniótico | Hemorragia posparto | Embolia pulmonar tromboembólica | Síndrome antifosfolípido catastrófico | Trombosis hodológica,"Embolismo de líquido amniótico → Embolia de líquido amniótico [fuzzy_validated, 93.1%] → JB42.1 ;; Hemorragia posparto → JA43.Z [who_api, 0.0%] → JA43.Z ;; Embolia pulmonar tromboembólica → BB00.Z [who_api, 0.0%] → BB00.Z ;; Síndrome antifosfolípido catastrófico → Síndrome antifosfolipídico catastrófico [fuzzy_validated, 92.1%] → 4A45 ;; Trombosis hodológica → NR-CARD-005 [nr, 0.0%] → NR-CARD-005"
,2,"[""1F2C"", ""1F20.0Z"", ""CA43.2"", ""4A44"", ""NR-RESP-006""]","[""Desconocido"", ""N/A"", ""N/A"", ""1-9 / 100 000"", ""N/A""]","[""unknown"", ""common"", ""common"", ""very_rare"", ""unclassified""]",Mucormicosis pulmonar | Aspergilosis invasiva | Infección bacteriana con absceso pulmonar | Vasculitis | Pneumonía granulomatosa crónica,"Mucormicosis pulmonar → Zigomicosis [semantic, 0.0%] → 1F2C ;; Aspergilosis invasiva → 1F20.0Z [who_api, 0.0%] → 1F20.0Z ;; Infección bacteriana con absceso pulmonar → CA43.2 [who_api, 0.0%] → CA43.2 ;; Vasculitis → Vasculitis [exact, 100.0%] → 4A44 ;; Pneumonía granulomatosa crónica → NR-RESP-006 [nr, 0.0%] → NR-RESP-006"
,2,"[""DC31.Z"", ""DC12.0Z"", ""DC11.6"", ""DB94.1Z"", ""BA41.Z""]","[""N/A"", ""N/A"", ""N/A"", ""N/A"", ""N/A""]","[""common"", ""common"", ""common"", ""common"", ""common""]",Pancreatitis aguda | Colecistitis aguda | Colédocolitiasis | Hepatitis alcohólica | Infarto de miocardio,"Pancreatitis aguda → DC31.Z [who_api, 0.0%] → DC31.Z ;; Colecistitis aguda → DC12.0Z [who_api, 0.0%] → DC12.0Z ;; Colédocolitiasis → DC11.6 [who_api, 0.0%] → DC11.6 ;; Hepatitis alcohólica → DB94.1Z [who_api, 0.0%] → DB94.1Z ;; Infarto de miocardio → BA41.Z [who_api, 0.0%] → BA41.Z"
,2,"[""CA40.20"", ""1D82.Y/CA40.1Z"", ""1F20.0Z"", ""1B21.0"", ""RA01""]","[""N/A"", ""N/A"", ""N/A"", ""N/A"", ""N/A""]","[""common"", ""common"", ""common"", ""common"", ""common""]",Neumonía por Pneumocystis | Neumonía por citomegalovirus | Aspergilosis invasiva | Infección por Mycobacterium avium complejo | COVID‑19,"Neumonía por Pneumocystis → CA40.20 [who_api, 0.0%] → CA40.20 ;; Neumonía por citomegalovirus → 1D82.Y/CA40.1Z [who_api, 0.0%] → 1D82.Y/CA40.1Z ;; Aspergilosis invasiva → 1F20.0Z [who_api, 0.0%] → 1F20.0Z ;; Infección por Mycobacterium avium complejo → 1B21.0 [who_api, 0.0%] → 1B21.0 ;; COVID‑19 → RA01 [who_api, 0.0%] → RA01"
,2,"[""1C1B.Z"", ""1B1Z"", ""1C10.Y"", ""1A07"", ""1F20""]","[""N/A"", ""1-5 / 10 000"", ""Desconocido"", ""Desconocido"", ""Desconocido""]","[""common"", ""unknown"", ""unknown"", ""unknown"", ""unknown""]",Nocardiosis sistémica | Tuberculosis | Actinomicosis | Salmonelosis sistémica | Aspergilosis,"Nocardiosis sistémica → 1C1B.Z [who_api, 0.0%] → 1C1B.Z ;; Tuberculosis → Tuberculosis [exact_who, 100.0%] → 1B1Z ;; Actinomicosis → Actinomicosis [exact, 100.0%] → 1C10.Y ;; Salmonelosis sistémica → Fiebre tifoidea [semantic, 0.0%] → 1A07 ;; Aspergilosis → Aspergilosis [exact, 100.0%] → 1F20"
,2,"[""1G04"", ""EB12.Z"", ""NR-DERM-010"", ""EA00"", ""EK5Y""]","[""N/A"", ""N/A"", ""N/A"", ""N/A"", ""N/A""]","[""common"", ""common"", ""unclassified"", ""common"", ""common""]",Sarna escórpica | Eritema multiforme | Pemfigoide vulgar | Exantema viral | Dermatitis de contacto,"Sarna escórpica → 1G04 [who_api, 0.0%] → 1G04 ;; Eritema multiforme → Eritema multiforme mayor [fuzzy_validated_who, 85.7%] → EB12.Z ;; Pemfigoide vulgar → NR-DERM-010 [nr, 0.0%] → NR-DERM-010 ;; Exantema viral → EA00 [who_api, 0.0%] → EA00 ;; Dermatitis de contacto → EK5Y [who_api, 0.0%] → EK5Y"
,2,"[""2F98&XA6KU8"", ""2C90.0"", ""LA90.40"", ""5A72.0"", ""5A70.Y""]","[""N/A"", ""1-5 / 10 000"", ""N/A"", ""N/A"", ""<1 / 1 000 000""]","[""common"", ""unknown"", ""unclassified"", ""common"", ""ultra_rare""]",Reninoma | Carcinoma de células renales | Hipertensión renovascular | Hiperaldosteronismo primario | Síndrome de Cushing,"Reninoma → 2F98&XA6KU8 [who_api, 0.0%] → 2F98&XA6KU8 ;; Carcinoma de células renales → Carcinoma de células renales [exact, 100.0%] → 2C90.0 ;; Hipertensión renovascular → Estenosis arterial renal congénita [semantic, 0.0%] → LA90.40 ;; Hiperaldosteronismo primario → Hiperaldosteronismo primario raro [fuzzy_validated_who, 91.8%] → 5A72.0 ;; Síndrome de Cushing → Síndrome de Cushing por enfermedad corticosuprarrenal macronodular bilateral [semantic, 0.0%] → 5A70.Y"
,2,"[""BC43.Z"", ""BC43.01"", ""BC43.0Z"", ""BC42.1&XN3BH"", ""BC43.11""]","[""N/A"", ""N/A"", ""N/A"", ""N/A"", ""N/A""]","[""common"", ""common"", ""common"", ""common"", ""common""]",Cardiomiopatía chagásica | Cardiomiopatía dilatada alcohólica | Cardiomiopatía dilatada idiopática | Miocarditis viral | Cardiomiopatía hipertrófica con aneurisma apical,"Cardiomiopatía chagásica → BC43.Z [who_api, 0.0%] → BC43.Z ;; Cardiomiopatía dilatada alcohólica → BC43.01 [who_api, 0.0%] → BC43.01 ;; Cardiomiopatía dilatada idiopática → BC43.0Z [who_api, 0.0%] → BC43.0Z ;; Miocarditis viral → BC42.1&XN3BH [who_api, 0.0%] → BC42.1&XN3BH ;; Cardiomiopatía hipertrófica con aneurisma apical → BC43.11 [who_api, 0.0%] → BC43.11"
,2,"[""8E4A.0"", ""NR-NEUR-010"", ""NR-NEUR-012"", ""1C85"", ""9C85.02""]","[""N/A"", ""N/A"", ""N/A"", ""N/A"", ""Desconocido""]","[""common"", ""unclassified"", ""unclassified"", ""common"", ""unknown""]",Encefalitis anti‑NMDA‑R | Encefalitis anti‑LGI1 | Encefalitis anti‑CASPR2 | Encefalitis anti‑GABA‑B | Síndrome opsoclonos‑mioclonía,"Encefalitis anti‑NMDA‑R → 8E4A.0 [who_api, 0.0%] → 8E4A.0 ;; Encefalitis anti‑LGI1 → NR-NEUR-010 [nr, 0.0%] → NR-NEUR-010 ;; Encefalitis anti‑CASPR2 → NR-NEUR-012 [nr, 0.0%] → NR-NEUR-012 ;; Encefalitis anti‑GABA‑B → Encefalitis autoinmune [semantic_who, 0.0%] → 1C85 ;; Síndrome opsoclonos‑mioclonía → Síndrome opsoclono-mioclono [semantic, 0.0%] → 9C85.02"
,2,"[""KA62.0"", ""KA62.3"", ""KA64.0"", ""KA62.8"", ""KA62.2""]","[""N/A"", ""1-5 / 10 000"", ""Desconocido"", ""Desconocido"", ""Desconocido""]","[""common"", ""unknown"", ""unknown"", ""unknown"", ""unknown""]",Síndrome congénito por Zika | Infección congénita por citomegalovirus | Síndrome congénito por toxoplasmosis | Síndrome congénito por rubéola | Síndrome congénito por varicela,"Síndrome congénito por Zika → KA62.0 [who_api, 0.0%] → KA62.0 ;; Infección congénita por citomegalovirus → Síndrome de citomegalovirus fetal [semantic, 0.0%] → KA62.3 ;; Síndrome congénito por toxoplasmosis → Toxoplasmosis congénita [semantic, 0.0%] → KA64.0 ;; Síndrome congénito por rubéola → Síndrome de rubéola congénita [fuzzy_validated, 88.1%] → KA62.8 ;; Síndrome congénito por varicela → Síndrome de varicela congénita [fuzzy_validated, 88.5%] → KA62.2"
,2,"[""4A44.92"", ""4A44.5"", ""4A40.0Y"", ""BB40"", ""4A8Z""]","[""Desconocido"", ""Desconocido"", ""1-9 / 100 000"", ""Desconocido"", ""N/A""]","[""unknown"", ""unknown"", ""very_rare"", ""unknown"", ""common""]",Vasculitis IgA | Enfermedad de Kawasaki | Lupus eritematoso sistémico infantil | Endocarditis | Alergia sistémica crónica,"Vasculitis IgA → Vasculitis por inmunoglobulina A [exact, 100.0%] → 4A44.92 ;; Enfermedad de Kawasaki → Enfermedad de Kawasaki [exact, 100.0%] → 4A44.5 ;; Lupus eritematoso sistémico infantil → Lupus eritematoso sistémico pediátrico [semantic, 0.0%] → 4A40.0Y ;; Endocarditis → Endocarditis infecciosa [semantic, 0.0%] → BB40 ;; Alergia sistémica crónica → 4A8Z [who_api, 0.0%] → 4A8Z"
,2,"[""NR-INFEC-022"", ""1F02"", ""1F03"", ""EA12"", ""EB12.Z""]","[""N/A"", ""N/A"", ""N/A"", ""N/A"", ""N/A""]","[""unclassified"", ""common"", ""common"", ""common"", ""common""]",Parvovirus B19 | Rubéola | Sarampión | Síndrome de Gianotti‑Crosti | Eritema multiforme,"Parvovirus B19 → NR-INFEC-022 [nr, 0.0%] → NR-INFEC-022 ;; Rubéola → 1F02 [who_api, 0.0%] → 1F02 ;; Sarampión → 1F03 [who_api, 0.0%] → 1F03 ;; Síndrome de Gianotti‑Crosti → EA12 [who_api, 0.0%] → EA12 ;; Eritema multiforme → Eritema multiforme mayor [fuzzy_validated_who, 85.7%] → EB12.Z"
,2,"[""1F54.1"", ""2F23.0"", ""1B12.8"", ""1B21.20"", ""1C11.01""]","[""N/A"", ""N/A"", ""N/A"", ""N/A"", ""N/A""]","[""common"", ""common"", ""unclassified"", ""common"", ""unclassified""]",Leishmaniasis cutánea | Dermatofibroma | Tuberculosis cutánea | Úlcera de Buruli | Verruga peruana,"Leishmaniasis cutánea → 1F54.1 [who_api, 0.0%] → 1F54.1 ;; Dermatofibroma → 2F23.0 [who_api, 0.0%] → 2F23.0 ;; Tuberculosis cutánea → Tuberculosis cutánea primaria [semantic, 0.0%] → 1B12.8 ;; Úlcera de Buruli → 1B21.20 [who_api, 0.0%] → 1B21.20 ;; Verruga peruana → Verruga peruana [exact, 100.0%] → 1C11.01"
,2,"[""1B91"", ""1F52"", ""3A10.Y"", ""1E32"", ""DB98.3""]","[""1-9 / 1 000 000"", ""<1 / 1 000 000"", ""1-9 / 100 000"", ""N/A"", ""Desconocido""]","[""ultra_rare"", ""ultra_rare"", ""very_rare"", ""common"", ""unknown""]",Leptospirosis | Babesiosis | Síndrome urémico hemolítico atípico | Neumonía por influenza A | Fiebre Q,"Leptospirosis → Leptospirosis [exact, 100.0%] → 1B91 ;; Babesiosis → Babesiosis [exact, 100.0%] → 1F52 ;; Síndrome urémico hemolítico atípico → Síndrome hemolítico urémico atípico [fuzzy_validated, 100.0%] → 3A10.Y ;; Neumonía por influenza A → 1E32 [who_api, 0.0%] → 1E32 ;; Fiebre Q → Fiebre Q [exact, 100.0%] → DB98.3"
,2,"[""NR-HEMAT-013"", ""2A3Z"", ""2A20.2"", ""3B20"", ""3A20.5""]","[""N/A"", ""1-9 / 100 000"", ""1-9 / 100 000"", ""N/A"", ""1-9 / 1 000 000""]","[""unclassified"", ""very_rare"", ""very_rare"", ""common"", ""ultra_rare""]",Síndrome hemolítico‑trombopénico | Síndrome mielodisplásico | Mielofibrosis | Coagulación intravascular diseminada | Síndrome de Evans,"Síndrome hemolítico‑trombopénico → NR-HEMAT-013 [nr, 0.0%] → NR-HEMAT-013 ;; Síndrome mielodisplásico → Síndrome mielodisplásico [exact_who, 100.0%] → 2A3Z ;; Mielofibrosis → Mielofibrosis primaria [semantic, 0.0%] → 2A20.2 ;; Coagulación intravascular diseminada → 3B20 [who_api, 0.0%] → 3B20 ;; Síndrome de Evans → Síndrome de Evans [exact, 100.0%] → 3A20.5"
,2,"[""3A20.3"", ""3A20"", ""5C51.3"", ""MA16.00"", ""NR-HEMAT-009""]","[""1-9 / 1 000 000"", ""1-5 / 10 000"", ""N/A"", ""N/A"", ""N/A""]","[""ultra_rare"", ""unknown"", ""common"", ""common"", ""unclassified""]",Hemoglobinuria paroxística fría | Anemia hemolítica autoinmune tibia | Deficiencia de glucosa‑6‑fosfato deshidrogenasa | Hemólisis viral | Reacción hemolítica transfusional,"Hemoglobinuria paroxística fría → Hemoglobinuria paroxística por frío [fuzzy_validated, 90.9%] → 3A20.3 ;; Anemia hemolítica autoinmune tibia → Anemia hemolítica autoinmune [fuzzy_validated, 90.3%] → 3A20 ;; Deficiencia de glucosa‑6‑fosfato deshidrogenasa → 5C51.3 [who_api, 0.0%] → 5C51.3 ;; Hemólisis viral → MA16.00 [who_api, 0.0%] → MA16.00 ;; Reacción hemolítica transfusional → NR-HEMAT-009 [nr, 0.0%] → NR-HEMAT-009"
,2,"[""1F20.0Y"", ""1B21.0"", ""1F20.12"", ""NR-INFEC-025"", ""4A44.Z""]","[""N/A"", ""1-9 / 100 000"", ""N/A"", ""N/A"", ""N/A""]","[""common"", ""very_rare"", ""common"", ""unclassified"", ""common""]",Aspergilosis pulmonar invasiva | Infección por micobacterias no tuberculosas | Aspergilosis pulmonar crónica | Pneumonía bacteriana | Vasculitis pulmonar,"Aspergilosis pulmonar invasiva → 1F20.0Y [who_api, 0.0%] → 1F20.0Y ;; Infección por micobacterias no tuberculosas → Infección pulmonar por micobacterias no tuberculosas [fuzzy_validated, 90.5%] → 1B21.0 ;; Aspergilosis pulmonar crónica → 1F20.12 [who_api, 0.0%] → 1F20.12 ;; Pneumonía bacteriana → NR-INFEC-025 [nr, 0.0%] → NR-INFEC-025 ;; Vasculitis pulmonar → 4A44.Z [who_api, 0.0%] → 4A44.Z"
,3,"[""1B10"", ""DB98.3"", ""1B21.0"", ""CA43.2"", ""1F20""]","[""N/A"", ""Desconocido"", ""1-9 / 100 000"", ""N/A"", ""Desconocido""]","[""unclassified"", ""unknown"", ""very_rare"", ""common"", ""unknown""]",Tuberculosis pulmonar | Fiebre Q | Infección por micobacterias no tuberculosas | Absceso pulmonar | Aspergilosis pulmonar,"Tuberculosis pulmonar → Tuberculosis pulmonar primaria [semantic, 0.0%] → 1B10 ;; Fiebre Q → Fiebre Q [exact, 100.0%] → DB98.3 ;; Infección por micobacterias no tuberculosas → Infección pulmonar por micobacterias no tuberculosas [fuzzy_validated, 90.5%] → 1B21.0 ;; Absceso pulmonar → CA43.2 [who_api, 0.0%] → CA43.2 ;; Aspergilosis pulmonar → Aspergilosis [semantic, 0.0%] → 1F20"
,3,"[""DD90.3"", ""5C58.1Y"", ""DA90.2"", ""DA52.Y"", ""8A80.4""]","[""N/A"", ""1-9 / 1 000 000"", ""N/A"", ""N/A"", ""N/A""]","[""common"", ""ultra_rare"", ""unclassified"", ""unclassified"", ""common""]",Dispepsia funcional | Porfiria intermitente aguda | Pseudo‑obstrucción intestinal | Síndrome de la arteria mesentérica superior | Vómitos cíclicos,"Dispepsia funcional → DD90.3 [who_api, 0.0%] → DD90.3 ;; Porfiria intermitente aguda → Porfiria aguda intermitente [fuzzy_validated, 100.0%] → 5C58.1Y ;; Pseudo‑obstrucción intestinal → Pseudoobstrucción intestinal no clasificada [semantic, 0.0%] → DA90.2 ;; Síndrome de la arteria mesentérica superior → Síndrome de la arteria mesentérica superior [exact, 100.0%] → DA52.Y ;; Vómitos cíclicos → 8A80.4 [who_api, 0.0%] → 8A80.4"
,3,"[""8B22.8"", ""8E47/GB61.Z"", ""5C58.1Y"", ""NR-NEUR-003"", ""8B11""]","[""N/A"", ""N/A"", ""1-9 / 1 000 000"", ""N/A"", ""N/A""]","[""common"", ""common"", ""ultra_rare"", ""unclassified"", ""common""]",Encefalopatía hipertensiva | Encefalopatía uremica | Encefalopatía por porfiria intermitente aguda | Encefalopatía asociada a sepsis | Accidente cerebrovascular isquémico,"Encefalopatía hipertensiva → 8B22.8 [who_api, 0.0%] → 8B22.8 ;; Encefalopatía uremica → 8E47/GB61.Z [who_api, 0.0%] → 8E47/GB61.Z ;; Encefalopatía por porfiria intermitente aguda → Porfiria aguda intermitente [semantic, 0.0%] → 5C58.1Y ;; Encefalopatía asociada a sepsis → NR-NEUR-003 [nr, 0.0%] → NR-NEUR-003 ;; Accidente cerebrovascular isquémico → Accidente cerebrovascular isquémico pediátrico [fuzzy_validated_who, 86.4%] → 8B11"
,3,"[""MF85"", ""4A44.A0"", ""4A44.A1"", ""4A40.0"", ""DA0A.Y""]","[""Desconocido"", ""1-9 / 100 000"", ""1-9 / 100 000"", ""1-5 / 10 000"", ""N/A""]","[""unknown"", ""very_rare"", ""very_rare"", ""unknown"", ""common""]",Síndrome anti‑GBM | Vasculitis microscópica | Granulomatosis con poliangitis | Lupus eritematoso sistémico | Hemorragia alveolar idiopática,"Síndrome anti‑GBM → Enfermedad por anticuerpos antimembrana basal glomerular [semantic, 0.0%] → MF85 ;; Vasculitis microscópica → Poliangeitis microscópica [semantic, 0.0%] → 4A44.A0 ;; Granulomatosis con poliangitis → Granulomatosis con poliangeítis [fuzzy_validated, 95.1%] → 4A44.A1 ;; Lupus eritematoso sistémico → Lupus eritematoso sistémico [exact, 100.0%] → 4A40.0 ;; Hemorragia alveolar idiopática → DA0A.Y [who_api, 0.0%] → DA0A.Y"
,3,"[""1B12.1"", ""4B20.1"", ""FA24"", ""4A62"", ""4A40.0""]","[""N/A"", ""6-9 / 10 000"", ""1-9 / 100 000"", ""1-9 / 100 000"", ""1-5 / 10 000""]","[""common"", ""rare"", ""very_rare"", ""very_rare"", ""unknown""]",Uveítis tuberculosa | Sarcoidosis ocular | Artritis idiopática juvenil | Enfermedad de Behçet | Lupus eritematoso sistémico,"Uveítis tuberculosa → 1B12.1 [who_api, 0.0%] → 1B12.1 ;; Sarcoidosis ocular → Sarcoidosis [semantic, 0.0%] → 4B20.1 ;; Artritis idiopática juvenil → Artritis idiopática juvenil [exact, 100.0%] → FA24 ;; Enfermedad de Behçet → Enfermedad de Behçet [exact, 100.0%] → 4A62 ;; Lupus eritematoso sistémico → Lupus eritematoso sistémico [exact, 100.0%] → 4A40.0"
,3,"[""5C63.20"", ""5C63.22"", ""5A50.1"", ""5A50.Z"", ""FB85.0""]","[""1-5 / 10 000"", ""1-9 / 100 000"", ""1-9 / 1 000 000"", ""N/A"", ""N/A""]","[""unknown"", ""very_rare"", ""ultra_rare"", ""common"", ""common""]",Riquitosis por deficiencia de vitamina D | Riquitosis hipofosfatemogénica X ligado | Pseudohipoparatiroidismo | Hipoparatiroidismo congénito | Hiperfosfatasia,"Riquitosis por deficiencia de vitamina D → Raquitismo hipocalcémico dependiente de vitamina D [semantic, 0.0%] → 5C63.20 ;; Riquitosis hipofosfatemogénica X ligado → Hipofosfatemia ligada al cromosoma X [semantic, 0.0%] → 5C63.22 ;; Pseudohipoparatiroidismo → Pseudohipoparatiroidismo [exact, 100.0%] → 5A50.1 ;; Hipoparatiroidismo congénito → Hipoparatiroidismo genético [semantic_who, 0.0%] → 5A50.Z ;; Hiperfosfatasia → FB85.0 [who_api, 0.0%] → FB85.0"
,3,"[""3B64.14"", ""2A60"", ""3A10.Y"", ""3B62.Z"", ""3B20""]","[""Desconocido"", ""1-5 / 10 000"", ""1-9 / 100 000"", ""N/A"", ""N/A""]","[""unknown"", ""unknown"", ""very_rare"", ""common"", ""common""]",Púrpura trombocitopénica trombótica | Leucemia mieloide aguda | Síndrome urémico hemolítico atípico | Trombopatía microangiopática secundaria a neoplasia | Coagulación intravascular diseminada,"Púrpura trombocitopénica trombótica → Púrpura trombótica trombocitopénica [fuzzy_validated, 100.0%] → 3B64.14 ;; Leucemia mieloide aguda → Leucemia mieloide aguda [exact, 100.0%] → 2A60 ;; Síndrome urémico hemolítico atípico → Síndrome hemolítico urémico atípico [fuzzy_validated, 100.0%] → 3A10.Y ;; Trombopatía microangiopática secundaria a neoplasia → 3B62.Z [who_api, 0.0%] → 3B62.Z ;; Coagulación intravascular diseminada → 3B20 [who_api, 0.0%] → 3B20"
,3,"[""4A44.5"", ""1C31.0"", ""NR-OTR-004"", ""EA50.2"", ""1C45""]","[""Desconocido"", ""Desconocido"", ""N/A"", ""Desconocido"", ""1-9 / 100 000""]","[""unknown"", ""unknown"", ""unclassified"", ""unknown"", ""very_rare""]",Enfermedad de Kawasaki | Fiebre de las Montañas Rocosas | Vasculitis de Henne‑Schönlein | Síndrome de escaldado estafilocócico | Síndrome de shock tóxico,"Enfermedad de Kawasaki → Enfermedad de Kawasaki [exact, 100.0%] → 4A44.5 ;; Fiebre de las Montañas Rocosas → Fiebre maculosa de las Montañas Rocosas [fuzzy_validated, 87.0%] → 1C31.0 ;; Vasculitis de Henne‑Schönlein → NR-OTR-004 [nr, 0.0%] → NR-OTR-004 ;; Síndrome de escaldado estafilocócico → Síndrome de la piel escaldada por estafilococos [semantic, 0.0%] → EA50.2 ;; Síndrome de shock tóxico → Síndrome de shock tóxico bacteriano [semantic, 0.0%] → 1C45"
,3,"[""5D00.0"", ""2A83.1"", ""MF8Y"", ""BD5Y"", ""DB93.1""]","[""1-9 / 100 000"", ""1-5 / 10 000"", ""N/A"", ""<1 / 1 000 000"", ""N/A""]","[""very_rare"", ""unknown"", ""common"", ""ultra_rare"", ""common""]",Amyloidosis AL | Mieloma múltiple | Glomeruloesclerosis segmentaria focal | Síndrome de fuga capilar sistémica | Cirrosis,"Amyloidosis AL → Amiloidosis AL [fuzzy_validated, 92.9%] → 5D00.0 ;; Mieloma múltiple → Mieloma múltiple [exact, 100.0%] → 2A83.1 ;; Glomeruloesclerosis segmentaria focal → MF8Y [who_api, 0.0%] → MF8Y ;; Síndrome de fuga capilar sistémica → Síndrome de extravasación capilar sistémica [fuzzy_validated, 87.0%] → BD5Y ;; Cirrosis → DB93.1 [who_api, 0.0%] → DB93.1"
,3,"[""5A03.1"", ""5A03.Z"", ""2D10.1"", ""DB98.3"", ""4B20.1""]","[""N/A"", ""N/A"", ""N/A"", ""Desconocido"", ""6-9 / 10 000""]","[""common"", ""common"", ""common"", ""unknown"", ""rare""]",Tiroiditis granulomatosa | Tiroiditis bacteriana | Neoplasia tiroidea | Fiebre Q | Sarcoidosis tiroidea,"Tiroiditis granulomatosa → 5A03.1 [who_api, 0.0%] → 5A03.1 ;; Tiroiditis bacteriana → 5A03.Z [who_api, 0.0%] → 5A03.Z ;; Neoplasia tiroidea → 2D10.1 [who_api, 0.0%] → 2D10.1 ;; Fiebre Q → Fiebre Q [exact, 100.0%] → DB98.3 ;; Sarcoidosis tiroidea → Sarcoidosis [semantic, 0.0%] → 4B20.1"
,3,"[""MG47"", ""5A51.2"", ""4B20.1"", ""2A82.2"", ""NR-ENDOC-001""]","[""N/A"", ""Desconocido"", ""6-9 / 10 000"", ""1-9 / 100 000"", ""N/A""]","[""common"", ""unknown"", ""rare"", ""very_rare"", ""unclassified""]",Intoxicación por vitamina D | Hipercalcemia familiar | Sarcoidosis | Leucemia | Mutación en CYP24A1,"Intoxicación por vitamina D → MG47 [who_api, 0.0%] → MG47 ;; Hipercalcemia familiar → Hipercalcemia hipocalciúrica familiar [semantic, 0.0%] → 5A51.2 ;; Sarcoidosis → Sarcoidosis [exact, 100.0%] → 4B20.1 ;; Leucemia → Leucemia de células pilosas clásica [semantic, 0.0%] → 2A82.2 ;; Mutación en CYP24A1 → NR-ENDOC-001 [nr, 0.0%] → NR-ENDOC-001"
,3,"[""2A60"", ""XH4XG8"", ""2A82.00"", ""MA16.11"", ""2A20.2""]","[""1-5 / 10 000"", ""1-9 / 100 000"", ""1-5 / 10 000"", ""N/A"", ""1-9 / 100 000""]","[""unknown"", ""very_rare"", ""unknown"", ""common"", ""very_rare""]",Leucemia mieloide aguda | Leucemia mielógena crónica en fase de crisis blástica | Leucemia linfoide aguda | Reacción leucemoide | Mielofibrosis,"Leucemia mieloide aguda → Leucemia mieloide aguda [exact, 100.0%] → 2A60 ;; Leucemia mielógena crónica en fase de crisis blástica → Leucemia mieloide crónica [semantic, 0.0%] → XH4XG8 ;; Leucemia linfoide aguda → Leucemia linfoblástica aguda [semantic_who, 0.0%] → 2A82.00 ;; Reacción leucemoide → MA16.11 [who_api, 0.0%] → MA16.11 ;; Mielofibrosis → Mielofibrosis primaria [semantic, 0.0%] → 2A20.2"
,3,"[""4A41.1Z"", ""8D40.2/5B57.Y"", ""FB33"", ""5A00.Z"", ""8C7Y""]","[""N/A"", ""N/A"", ""N/A"", ""N/A"", ""N/A""]","[""common"", ""common"", ""common"", ""common"", ""common""]",Polimiositis/dermatomiositis | Miopatía por deficiencia de vitamina D | Miopatía por efectos secundarios de fármacos | Miopatía por hipotiroidismo | Miopatía de membrana,"Polimiositis/dermatomiositis → 4A41.1Z [who_api, 0.0%] → 4A41.1Z ;; Miopatía por deficiencia de vitamina D → 8D40.2/5B57.Y [who_api, 0.0%] → 8D40.2/5B57.Y ;; Miopatía por efectos secundarios de fármacos → FB33 [who_api, 0.0%] → FB33 ;; Miopatía por hipotiroidismo → 5A00.Z [who_api, 0.0%] → 5A00.Z ;; Miopatía de membrana → 8C7Y [who_api, 0.0%] → 8C7Y"
,3,"[""5A4Y"", ""LD2C"", ""NR-ENDOC-007"", ""5C51.3"", ""2E92.9""]","[""Desconocido"", ""1-5 / 10 000"", ""N/A"", ""Desconocido"", ""1-9 / 100 000""]","[""unknown"", ""unknown"", ""unclassified"", ""unknown"", ""very_rare""]",Hiperinsulinismo congénito | Síndrome de Beckwith-Wiedemann | Hiperinsulinismo asociado a teratoma sacrococcígeo | Enfermedad de almacenamiento de glucógeno tipo I | Tumor pancreático endocrino,"Hiperinsulinismo congénito → Hiperinsulinismo congénito aislado [fuzzy_validated_who, 86.7%] → 5A4Y ;; Síndrome de Beckwith-Wiedemann → Síndrome de Beckwith-Wiedemann [exact, 100.0%] → LD2C ;; Hiperinsulinismo asociado a teratoma sacrococcígeo → NR-ENDOC-007 [nr, 0.0%] → NR-ENDOC-007 ;; Enfermedad de almacenamiento de glucógeno tipo I → Enfermedad de almacenamiento de glucógeno por deficiencia de glucosa-6-fosfatasa [exact, 100.0%] → 5C51.3 ;; Tumor pancreático endocrino → Tumor neuroendocrino del páncreas [fuzzy_validated_who, 91.5%] → 2E92.9"
,3,"[""CA82.4"", ""4A44.A2"", ""CB02.11"", ""4B03.Z"", ""CB02.10""]","[""Desconocido"", ""1-9 / 100 000"", ""Desconocido"", ""Desconocido"", ""<1 / 1 000 000""]","[""unknown"", ""very_rare"", ""unknown"", ""unknown"", ""ultra_rare""]",Bronquitis alérgica pulmonar aspergilosa | Eosinofilia granulomatosis con poliangiitis | Neumonía eosinofílica crónica | Síndrome hipereosinofílico sistémico | Neumonía eosinofílica aguda,"Bronquitis alérgica pulmonar aspergilosa → Aspergilosis bronco-pulmonar alérgica [fuzzy_validated, 85.7%] → CA82.4 ;; Eosinofilia granulomatosis con poliangiitis → Granulomatosis eosinofílica con poliangeítis [fuzzy_validated, 92.0%] → 4A44.A2 ;; Neumonía eosinofílica crónica → Neumonía eosinofílica crónica idiopática [semantic, 0.0%] → CB02.11 ;; Síndrome hipereosinofílico sistémico → Síndrome hipereosinofílico idiopático [fuzzy_validated, 87.7%] → 4B03.Z ;; Neumonía eosinofílica aguda → Neumonía eosinofílica idiopática aguda [semantic, 0.0%] → CB02.10"
,3,"[""2A8Z"", ""4B20.1"", ""NR-NEUR-004"", ""2E2Z"", ""8E4A.0""]","[""1-9 / 1 000 000"", ""6-9 / 10 000"", ""N/A"", ""N/A"", ""N/A""]","[""ultra_rare"", ""rare"", ""unclassified"", ""common"", ""common""]",Linfoma cerebral | Neurosarcoidosis | Angiitis cerebral primaria | Metástasis leptomeníngea | Encefalitis paraneoplásica,"Linfoma cerebral → Linfoma primario del sistema nervioso central [semantic, 0.0%] → 2A8Z ;; Neurosarcoidosis → Sarcoidosis [semantic, 0.0%] → 4B20.1 ;; Angiitis cerebral primaria → NR-NEUR-004 [nr, 0.0%] → NR-NEUR-004 ;; Metástasis leptomeníngea → 2E2Z [who_api, 0.0%] → 2E2Z ;; Encefalitis paraneoplásica → OBSOLETO: Encefalitis límbica paraneoplásica [semantic_who, 0.0%] → 8E4A.0"
,3,"[""NR-GAST-003"", ""DD70.Z"", ""DA95"", ""2A90.7"", ""1A31""]","[""N/A"", ""N/A"", ""Desconocido"", ""<1 / 1 000 000"", ""N/A""]","[""unclassified"", ""common"", ""unknown"", ""ultra_rare"", ""common""]",Enteropatía por CVID | Enfermedad de Crohn | Enfermedad celíaca refractaria | Enteropatía asociada a linfoma EATL | Giardiasis,"Enteropatía por CVID → NR-GAST-003 [nr, 0.0%] → NR-GAST-003 ;; Enfermedad de Crohn → DD70.Z [who_api, 0.0%] → DD70.Z ;; Enfermedad celíaca refractaria → Enfermedad celíaca refractaria [exact, 100.0%] → DA95 ;; Enteropatía asociada a linfoma EATL → Linfoma de células T asociado a enteropatía [semantic, 0.0%] → 2A90.7 ;; Giardiasis → 1A31 [who_api, 0.0%] → 1A31"
,3,"[""8E4A.0"", ""8E4A.0"", ""NR-NEUR-010"", ""1F00.21"", ""6A4Z""]","[""Desconocido"", ""<1 / 1 000 000"", ""N/A"", ""Desconocido"", ""<1 / 1 000 000""]","[""unknown"", ""ultra_rare"", ""unclassified"", ""unknown"", ""ultra_rare""]",Encefalitis anti‑NMDA receptor | Encefalopatía de Hashimoto | Encefalitis anti‑LGI1 | Encefalitis por HSV‑1 | Catatonia,"Encefalitis anti‑NMDA receptor → Encefalitis del receptor NMDA [semantic_who, 0.0%] → 8E4A.0 ;; Encefalopatía de Hashimoto → Encefalopatía sensible a esteroides asociada a tiroiditis autoinmune [semantic, 0.0%] → 8E4A.0 ;; Encefalitis anti‑LGI1 → NR-NEUR-010 [nr, 0.0%] → NR-NEUR-010 ;; Encefalitis por HSV‑1 → Encefalitis por el virus del herpes simple [semantic, 0.0%] → 1F00.21 ;; Catatonia → Catatonía idiopática [semantic_who, 0.0%] → 6A4Z"
,3,"[""4A43.0"", ""XH1VJ3"", ""4B2Y"", ""4A43.0"", ""2A83.2""]","[""N/A"", ""<1 / 1 000 000"", ""N/A"", ""1-9 / 100 000"", ""Desconocido""]","[""common"", ""ultra_rare"", ""common"", ""very_rare"", ""unknown""]",Enfermedad IgG4‑relacionada | Enfermedad de Erdheim-Chester | Síndrome de Castleman multicéntrico | Fibrosis retroperitoneal idiopática | Plasmocitoma,"Enfermedad IgG4‑relacionada → 4A43.0 [who_api, 0.0%] → 4A43.0 ;; Enfermedad de Erdheim-Chester → Enfermedad de Erdheim-Chester [exact, 100.0%] → XH1VJ3 ;; Síndrome de Castleman multicéntrico → OBSOLETO: Enfermedad de Castleman multicéntrica [semantic_who, 0.0%] → 4B2Y ;; Fibrosis retroperitoneal idiopática → Fibrosis retroperitoneal asociada a IgG4 [exact, 100.0%] → 4A43.0 ;; Plasmocitoma → Plasmacitoma [fuzzy_validated, 91.7%] → 2A83.2"
,3,"[""1F2C"", ""1G40"", ""RA01"", ""4A85.03"", ""1F20""]","[""N/A"", ""N/A"", ""N/A"", ""N/A"", ""Desconocido""]","[""common"", ""common"", ""common"", ""unclassified"", ""unknown""]",Mucormicosis cutánea | Sepsis bacteriana | COVID‑19 | Vasculitis inducida por fármacos | Aspergilosis,"Mucormicosis cutánea → 1F2C [who_api, 0.0%] → 1F2C ;; Sepsis bacteriana → 1G40 [who_api, 0.0%] → 1G40 ;; COVID‑19 → RA01 [who_api, 0.0%] → RA01 ;; Vasculitis inducida por fármacos → Vasculitis inducida por fármacos [exact, 100.0%] → 4A85.03 ;; Aspergilosis → Aspergilosis [exact, 100.0%] → 1F20"
,3,"[""JB4Z"", ""JB4Z"", ""6E20"", ""NR-OTR-010"", ""6B00""]","[""N/A"", ""N/A"", ""N/A"", ""N/A"", ""N/A""]","[""common"", ""common"", ""common"", ""unclassified"", ""common""]",Trastorno obsesivo‑compulsivo postparto | Trastorno de ansiedad del posparto | Depresión postparto | Trastorno de estrés posttraumático posparto | Trastorno de ansiedad generalizada postparto,"Trastorno obsesivo‑compulsivo postparto → JB4Z [who_api, 0.0%] → JB4Z ;; Trastorno de ansiedad del posparto → JB4Z [who_api, 0.0%] → JB4Z ;; Depresión postparto → 6E20 [who_api, 0.0%] → 6E20 ;; Trastorno de estrés posttraumático posparto → NR-OTR-010 [nr, 0.0%] → NR-OTR-010 ;; Trastorno de ansiedad generalizada postparto → 6B00 [who_api, 0.0%] → 6B00"
,3,"[""EB20"", ""EB21"", ""EB20"", ""FA24.4"", ""2A60""]","[""Desconocido"", ""Desconocido"", ""Desconocido"", ""1-9 / 100 000"", ""1-5 / 10 000""]","[""unknown"", ""unknown"", ""unknown"", ""very_rare"", ""unknown""]",Síndrome de Sweet | Pioderma gangrenoso | Síndrome de Sweet posparto | Enfermedad de Still | Leucemia mieloide,"Síndrome de Sweet → Síndrome de Sweet [exact, 100.0%] → EB20 ;; Pioderma gangrenoso → Pioderma gangrenoso [exact, 100.0%] → EB21 ;; Síndrome de Sweet posparto → Síndrome de Sweet [semantic, 0.0%] → EB20 ;; Enfermedad de Still → Artritis idiopática juvenil de inicio sistémico [exact, 100.0%] → FA24.4 ;; Leucemia mieloide → Leucemia mieloide aguda [fuzzy_validated, 85.0%] → 2A60"
,3,"[""1C41"", ""4A45"", ""BB40"", ""DB90.0"", ""NR-INFEC-004""]","[""N/A"", ""N/A"", ""Desconocido"", ""N/A"", ""N/A""]","[""common"", ""unclassified"", ""unknown"", ""common"", ""unclassified""]",Infección bacteriana | Síndrome antifosfolípido secundario | Endocarditis infecciosa | Absceso hepático | Sepsis asociada a VIH,"Infección bacteriana → 1C41 [who_api, 0.0%] → 1C41 ;; Síndrome antifosfolípido secundario → Síndrome antifosfolípido [semantic, 0.0%] → 4A45 ;; Endocarditis infecciosa → Endocarditis infecciosa [exact, 100.0%] → BB40 ;; Absceso hepático → DB90.0 [who_api, 0.0%] → DB90.0 ;; Sepsis asociada a VIH → NR-INFEC-004 [nr, 0.0%] → NR-INFEC-004"
,3,"[""2C73.2"", ""2C73.2"", ""2F32.Y"", ""2C73.0Z"", ""2E03""]","[""1-9 / 1 000 000"", ""1-9 / 1 000 000"", ""Desconocido"", ""N/A"", ""N/A""]","[""ultra_rare"", ""ultra_rare"", ""unknown"", ""common"", ""common""]",Tumor de célula granulosa | Tumor de célula granulosa juvenil | Fibrothecoma | Carcinoma seroso de ovario | Tumor metastásico Krukenberg,"Tumor de célula granulosa → Tumor maligno de células de la granulosa de ovario [semantic, 0.0%] → 2C73.2 ;; Tumor de célula granulosa juvenil → Tumor maligno de células de la granulosa de ovario [semantic, 0.0%] → 2C73.2 ;; Fibrothecoma → Fibrotecoma ovárico [semantic, 0.0%] → 2F32.Y ;; Carcinoma seroso de ovario → 2C73.0Z [who_api, 0.0%] → 2C73.0Z ;; Tumor metastásico Krukenberg → 2E03 [who_api, 0.0%] → 2E03"
,3,"[""CA40.20"", ""CB03.2"", ""CB03.4"", ""1B12.Y"", ""2C25.Y""]","[""N/A"", ""Desconocido"", ""1-5 / 10 000"", ""N/A"", ""Desconocido""]","[""common"", ""unknown"", ""unknown"", ""unclassified"", ""unknown""]",Neumonía por Pneumocystis | Neumonía organizante críptica | Fibrosis pulmonar idiopática | Tuberculosis miliar | Linfoma pulmonar,"Neumonía por Pneumocystis → CA40.20 [who_api, 0.0%] → CA40.20 ;; Neumonía organizante críptica → Neumonía con organización criptogénica [semantic, 0.0%] → CB03.2 ;; Fibrosis pulmonar idiopática → Fibrosis pulmonar idiopática [exact, 100.0%] → CB03.4 ;; Tuberculosis miliar → Tuberculosis multifocal [semantic, 0.0%] → 1B12.Y ;; Linfoma pulmonar → Linfoma pulmonar primario [semantic, 0.0%] → 2C25.Y"
,3,"[""2A85.4"", ""2A83.2"", ""2B33.5"", ""2A83.1"", ""2A83.0""]","[""Desconocido"", ""1-9 / 1 000 000"", ""N/A"", ""1-5 / 10 000"", ""N/A""]","[""unknown"", ""ultra_rare"", ""common"", ""unknown"", ""common""]",Macroglobulinemia de Waldenström | Plasmocitoma extramedular | Linfoma plasmacítico | Mieloma múltiple | Gammapatía monoclonal de significado incierto,"Macroglobulinemia de Waldenström → Macroglobulinemia de Waldenström [exact, 100.0%] → 2A85.4 ;; Plasmocitoma extramedular → Plasmacitoma extramedular de tejidos blandos [semantic, 0.0%] → 2A83.2 ;; Linfoma plasmacítico → 2B33.5 [who_api, 0.0%] → 2B33.5 ;; Mieloma múltiple → Mieloma múltiple [exact, 100.0%] → 2A83.1 ;; Gammapatía monoclonal de significado incierto → 2A83.0 [who_api, 0.0%] → 2A83.0"
,3,"[""1C19.1"", ""CA40.0Z"", ""NR-RESP-002"", ""CA40.Z"", ""NR-RESP-003""]","[""N/A"", ""N/A"", ""N/A"", ""N/A"", ""N/A""]","[""common"", ""common"", ""unclassified"", ""common"", ""unclassified""]",Neumonía por Legionella | Neumonía bacteriana grave | Pneumonía viral grave | Neumonía atípica | Neumonía por bacterias gram‑negativas,"Neumonía por Legionella → 1C19.1 [who_api, 0.0%] → 1C19.1 ;; Neumonía bacteriana grave → CA40.0Z [who_api, 0.0%] → CA40.0Z ;; Pneumonía viral grave → NR-RESP-002 [nr, 0.0%] → NR-RESP-002 ;; Neumonía atípica → CA40.Z [who_api, 0.0%] → CA40.Z ;; Neumonía por bacterias gram‑negativas → NR-RESP-003 [nr, 0.0%] → NR-RESP-003"
,3,"[""8C01.0"", ""1A11.1"", ""5C53.23"", ""KA65.4"", ""8A42""]","[""1-9 / 100 000"", ""Desconocido"", ""<1 / 1 000 000"", ""N/A"", ""Desconocido""]","[""very_rare"", ""unknown"", ""ultra_rare"", ""common"", ""unknown""]",Síndrome de Guillain-Barré | Botulismo neonatal | Encefalopatía mitocondrial | Meningitis listerial neonatal | Encefalomielitis aguda desmielinizante,"Síndrome de Guillain-Barré → Síndrome de Guillain-Barré [exact, 100.0%] → 8C01.0 ;; Botulismo neonatal → Botulismo infantil [semantic, 0.0%] → 1A11.1 ;; Encefalopatía mitocondrial → Encefalomiopatía mitocondrial grave ligada al cromosoma X [semantic, 0.0%] → 5C53.23 ;; Meningitis listerial neonatal → KA65.4 [who_api, 0.0%] → KA65.4 ;; Encefalomielitis aguda desmielinizante → Encefalomielitis aguda diseminada [exact, 100.0%] → 8A42"
,3,"[""NR-INFEC-007"", ""FA2Z"", ""FA2Z"", ""MA15.0"", ""FB84.Z""]","[""N/A"", ""N/A"", ""N/A"", ""N/A"", ""N/A""]","[""unclassified"", ""common"", ""common"", ""common"", ""common""]",Sepsis por infección bacteriana hipocéntrica | Artritis protésica infecciosa | Artritis protésica no infecciosa | Bacteriemia | Osteomielitis,"Sepsis por infección bacteriana hipocéntrica → NR-INFEC-007 [nr, 0.0%] → NR-INFEC-007 ;; Artritis protésica infecciosa → FA2Z [who_api, 0.0%] → FA2Z ;; Artritis protésica no infecciosa → FA2Z [who_api, 0.0%] → FA2Z ;; Bacteriemia → MA15.0 [who_api, 0.0%] → MA15.0 ;; Osteomielitis → FB84.Z [who_api, 0.0%] → FB84.Z"
,3,"[""MG26"", ""NR-NEUR-011"", ""1C8E.Z"", ""NR-OTR-014"", ""EH65""]","[""N/A"", ""N/A"", ""N/A"", ""N/A"", ""N/A""]","[""common"", ""unclassified"", ""common"", ""unclassified"", ""common""]",Fiebre de Osprey | Neuroborreliosis | Meningitis viral | Síndrome inflamatorio de sensibilidades | DRESS,"Fiebre de Osprey → MG26 [who_api, 0.0%] → MG26 ;; Neuroborreliosis → NR-NEUR-011 [nr, 0.0%] → NR-NEUR-011 ;; Meningitis viral → 1C8E.Z [who_api, 0.0%] → 1C8E.Z ;; Síndrome inflamatorio de sensibilidades → NR-OTR-014 [nr, 0.0%] → NR-OTR-014 ;; DRESS → EH65 [who_api, 0.0%] → EH65"
,3,"[""5A61.0"", ""DB93.0"", ""NR-CARD-002"", ""NR-GAST-012"", ""ME24.30""]","[""1-9 / 100 000"", ""N/A"", ""N/A"", ""N/A"", ""N/A""]","[""very_rare"", ""common"", ""unclassified"", ""unclassified"", ""common""]",Síndrome de Bardet-Biedl | Esclerosis nodulosa hepática | Síndrome de HHT | Síndrome de portusístole biliarvascular | Perforación vascular idiopática del intestino delgado,"Síndrome de Bardet-Biedl → Síndrome de Bardet-Biedl [exact, 100.0%] → 5A61.0 ;; Esclerosis nodulosa hepática → DB93.0 [who_api, 0.0%] → DB93.0 ;; Síndrome de HHT → NR-CARD-002 [nr, 0.0%] → NR-CARD-002 ;; Síndrome de portusístole biliarvascular → NR-GAST-012 [nr, 0.0%] → NR-GAST-012 ;; Perforación vascular idiopática del intestino delgado → ME24.30 [who_api, 0.0%] → ME24.30"
,3,"[""NR-MUSC-007"", ""FB80.0"", ""NR-DERM-006"", ""2E83.Z"", ""2B51.Z""]","[""N/A"", ""N/A"", ""N/A"", ""N/A"", ""N/A""]","[""unclassified"", ""unclassified"", ""unclassified"", ""common"", ""common""]",Fibroma ossificante juvenil psamomatoide | Displasia fibroosa monostótica | Mucela | Osteoma paranasal | Osteosarcoma del seno etmoidal,"Fibroma ossificante juvenil psamomatoide → NR-MUSC-007 [nr, 0.0%] → NR-MUSC-007 ;; Displasia fibroosa monostótica → Displasia fibrosa monostótica [fuzzy_validated, 98.3%] → FB80.0 ;; Mucela → NR-DERM-006 [nr, 0.0%] → NR-DERM-006 ;; Osteoma paranasal → 2E83.Z [who_api, 0.0%] → 2E83.Z ;; Osteosarcoma del seno etmoidal → 2B51.Z [who_api, 0.0%] → 2B51.Z"
,3,"[""8A80.4"", ""DD91.0Z"", ""DD90.3"", ""DA61"", ""DA52.Y""]","[""N/A"", ""N/A"", ""N/A"", ""N/A"", ""N/A""]","[""common"", ""common"", ""common"", ""common"", ""unclassified""]",Síndrome de vómitos cíclicos | Síndrome del intestino irritable | Dispepsia funcional | Úlcera péptica | Síndrome de compresión de la arteria mesentérica superior,"Síndrome de vómitos cíclicos → 8A80.4 [who_api, 0.0%] → 8A80.4 ;; Síndrome del intestino irritable → DD91.0Z [who_api, 0.0%] → DD91.0Z ;; Dispepsia funcional → DD90.3 [who_api, 0.0%] → DD90.3 ;; Úlcera péptica → DA61 [who_api, 0.0%] → DA61 ;; Síndrome de compresión de la arteria mesentérica superior → Síndrome de la arteria mesentérica superior [fuzzy_validated, 86.0%] → DA52.Y"
,3,"[""RA01"", ""1A62.Z"", ""DB98.3"", ""BC42.Z"", ""BB2Y""]","[""N/A"", ""N/A"", ""Desconocido"", ""N/A"", ""Desconocido""]","[""common"", ""common"", ""unknown"", ""common"", ""unknown""]",Miocarditis post‑COVID‑19 | Sífilis terciaria | Fiebre Q | Miocarditis granulomatosa | Pericarditis recurrente,"Miocarditis post‑COVID‑19 → RA01 [who_api, 0.0%] → RA01 ;; Sífilis terciaria → 1A62.Z [who_api, 0.0%] → 1A62.Z ;; Fiebre Q → Fiebre Q [exact, 100.0%] → DB98.3 ;; Miocarditis granulomatosa → BC42.Z [who_api, 0.0%] → BC42.Z ;; Pericarditis recurrente → Pericarditis recurrente idiopática [semantic, 0.0%] → BB2Y"
,3,"[""3A20.5"", ""MA16.00"", ""3A21.0"", ""2A3Z"", ""4A40.0""]","[""1-9 / 1 000 000"", ""N/A"", ""1-9 / 100 000"", ""1-9 / 100 000"", ""1-5 / 10 000""]","[""ultra_rare"", ""common"", ""very_rare"", ""very_rare"", ""unknown""]",Síndrome de Evans | Hemólisis autoinmune fría | Anemia hemolítica paroxística nocturna | Síndrome mielodisplásico | Lupus eritematoso sistémico,"Síndrome de Evans → Síndrome de Evans [exact, 100.0%] → 3A20.5 ;; Hemólisis autoinmune fría → MA16.00 [who_api, 0.0%] → MA16.00 ;; Anemia hemolítica paroxística nocturna → Hemoglobinuria paroxística nocturna [semantic, 0.0%] → 3A21.0 ;; Síndrome mielodisplásico → Síndrome mielodisplásico [exact_who, 100.0%] → 2A3Z ;; Lupus eritematoso sistémico → Lupus eritematoso sistémico [exact, 100.0%] → 4A40.0"
,3,"[""LD27.01"", ""NR-GAST-016"", ""DD7Z"", ""5C64.20"", ""1C62.3Z""]","[""Desconocido"", ""N/A"", ""N/A"", ""1-9 / 1 000 000"", ""N/A""]","[""unknown"", ""unclassified"", ""common"", ""ultra_rare"", ""common""]",Síndrome de Cronkhite‑Canada | Síndrome de celiada | Enfermedad inflamatoria intestinal | Acrodermatitis enterópica adquirida | SIDA,"Síndrome de Cronkhite‑Canada → Síndrome de Cronkhite-Canada [semantic, 0.0%] → LD27.01 ;; Síndrome de celiada → NR-GAST-016 [nr, 0.0%] → NR-GAST-016 ;; Enfermedad inflamatoria intestinal → Enfermedad inflamatoria intestinal rara [fuzzy_validated_who, 93.2%] → DD7Z ;; Acrodermatitis enterópica adquirida → Acrodermatitis enteropática [semantic, 0.0%] → 5C64.20 ;; SIDA → 1C62.3Z [who_api, 0.0%] → 1C62.3Z"
,3,"[""EF00.Y"", ""CA21.Z"", ""EB31"", ""2B53.Y"", ""1B70.Z""]","[""Desconocido"", ""N/A"", ""N/A"", ""1-5 / 10 000"", ""N/A""]","[""unknown"", ""common"", ""common"", ""unknown"", ""common""]",Panniculitis nodular idiopática | Enfisema de inflamación neutrofílica | Eritema nodoso | Dermatofibrosarcoma protuberante | Celulitis,"Panniculitis nodular idiopática → Paniculitis nodular no supurativa [semantic, 0.0%] → EF00.Y ;; Enfisema de inflamación neutrofílica → CA21.Z [who_api, 0.0%] → CA21.Z ;; Eritema nodoso → EB31 [who_api, 0.0%] → EB31 ;; Dermatofibrosarcoma protuberante → Dermatofibrosarcoma protuberante [exact, 100.0%] → 2B53.Y ;; Celulitis → Celulitis necrosante [semantic_who, 0.0%] → 1B70.Z"
,3,"[""2C61"", ""2C6Z"", ""2C61.1"", ""NR-ONCOL-007"", ""2E2Z""]","[""N/A"", ""N/A"", ""N/A"", ""N/A"", ""N/A""]","[""common"", ""common"", ""common"", ""unclassified"", ""common""]",Carcinoma invasivo ductal de mama | Cáncer inflamatorio de mama | Carcinoma invasivo lobular | Sarcoma mamario | Metástasis de otro tumor primario,"Carcinoma invasivo ductal de mama → 2C61 [who_api, 0.0%] → 2C61 ;; Cáncer inflamatorio de mama → Cáncer de mama inflamatorio [fuzzy_validated_who, 100.0%] → 2C6Z ;; Carcinoma invasivo lobular → 2C61.1 [who_api, 0.0%] → 2C61.1 ;; Sarcoma mamario → NR-ONCOL-007 [nr, 0.0%] → NR-ONCOL-007 ;; Metástasis de otro tumor primario → 2E2Z [who_api, 0.0%] → 2E2Z"
,3,"[""NR-INFEC-019"", ""NR-INFEC-012"", ""FB86.2"", ""FB84.Y"", ""NR-MUSC-009""]","[""N/A"", ""N/A"", ""<1 / 1 000 000"", ""N/A"", ""N/A""]","[""unclassified"", ""unclassified"", ""ultra_rare"", ""common"", ""unclassified""]",Infección protésica por Mycobacterium bovis BCG | Infección protésica por Cutibacterium acnes o Staphylococcus epidermidis | Osteólisis aseptica | Osteomielitis crónica por Propionibacterium | Neoplasia periarticular,"Infección protésica por Mycobacterium bovis BCG → NR-INFEC-019 [nr, 0.0%] → NR-INFEC-019 ;; Infección protésica por Cutibacterium acnes o Staphylococcus epidermidis → NR-INFEC-012 [nr, 0.0%] → NR-INFEC-012 ;; Osteólisis aseptica → Enfermedad de Gorham-Stout [semantic, 0.0%] → FB86.2 ;; Osteomielitis crónica por Propionibacterium → FB84.Y [who_api, 0.0%] → FB84.Y ;; Neoplasia periarticular → NR-MUSC-009 [nr, 0.0%] → NR-MUSC-009"
,3,"[""JB42.1"", ""JA8A.2"", ""NB92.6"", ""3B20"", ""4A84.Z""]","[""Desconocido"", ""N/A"", ""N/A"", ""N/A"", ""N/A""]","[""unknown"", ""unclassified"", ""common"", ""common"", ""common""]",Embolia de líquido amniótico | Placenta accreta | Ruptura uterina | Coagulación intravascular diseminada | Reacción anafiláctica,"Embolia de líquido amniótico → Embolia de líquido amniótico [exact, 100.0%] → JB42.1 ;; Placenta accreta → Trastorno del espectro de placenta acreta [semantic, 0.0%] → JA8A.2 ;; Ruptura uterina → NB92.6 [who_api, 0.0%] → NB92.6 ;; Coagulación intravascular diseminada → 3B20 [who_api, 0.0%] → 3B20 ;; Reacción anafiláctica → 4A84.Z [who_api, 0.0%] → 4A84.Z"
,3,"[""1F2C"", ""1F20.0Y"", ""BB00.Z"", ""1F2A.0"", ""1B10""]","[""Desconocido"", ""N/A"", ""N/A"", ""N/A"", ""N/A""]","[""unknown"", ""common"", ""common"", ""common"", ""unclassified""]",Mucormicosis pulmonar | Aspergilosis pulmonar invasiva | Embolia pulmonar séptica | Histoplasmosis pulmonar invasiva | Tuberculosis pulmonar,"Mucormicosis pulmonar → Zigomicosis [semantic, 0.0%] → 1F2C ;; Aspergilosis pulmonar invasiva → 1F20.0Y [who_api, 0.0%] → 1F20.0Y ;; Embolia pulmonar séptica → BB00.Z [who_api, 0.0%] → BB00.Z ;; Histoplasmosis pulmonar invasiva → 1F2A.0 [who_api, 0.0%] → 1F2A.0 ;; Tuberculosis pulmonar → Tuberculosis pulmonar primaria [semantic, 0.0%] → 1B10"
,3,"[""DC12.0Z"", ""DC13"", ""DC11.Y"", ""DC31.2"", ""DB94.Z""]","[""N/A"", ""N/A"", ""Desconocido"", ""N/A"", ""N/A""]","[""common"", ""common"", ""unknown"", ""common"", ""common""]",Colecistitis aguda calculosa | Colangitis aguda | Síndrome de Mirizzi | Pancreatitis por cálculos | Hepatopatía alcohólica,"Colecistitis aguda calculosa → DC12.0Z [who_api, 0.0%] → DC12.0Z ;; Colangitis aguda → DC13 [who_api, 0.0%] → DC13 ;; Síndrome de Mirizzi → Síndrome de Mirizzi [exact, 100.0%] → DC11.Y ;; Pancreatitis por cálculos → DC31.2 [who_api, 0.0%] → DC31.2 ;; Hepatopatía alcohólica → DB94.Z [who_api, 0.0%] → DB94.Z"
,3,"[""CA40.20"", ""1F20.0Y"", ""1B1Z"", ""CA40.1Z"", ""1D82.Y/CA40.1Z""]","[""N/A"", ""N/A"", ""N/A"", ""N/A"", ""N/A""]","[""common"", ""common"", ""common"", ""common"", ""common""]",Pneumocystis jirovecii | Aspergilosis pulmonar invasiva | Tuberculosis multibacilar | Neumonía viral | Neumonía por citomegalovirus,"Pneumocystis jirovecii → CA40.20 [who_api, 0.0%] → CA40.20 ;; Aspergilosis pulmonar invasiva → 1F20.0Y [who_api, 0.0%] → 1F20.0Y ;; Tuberculosis multibacilar → 1B1Z [who_api, 0.0%] → 1B1Z ;; Neumonía viral → CA40.1Z [who_api, 0.0%] → CA40.1Z ;; Neumonía por citomegalovirus → 1D82.Y/CA40.1Z [who_api, 0.0%] → 1D82.Y/CA40.1Z"
,3,"[""1C42"", ""1C1B.Y"", ""1B12.Y"", ""MA15.0"", ""1B95""]","[""Desconocido"", ""Desconocido"", ""N/A"", ""N/A"", ""<1 / 1 000 000""]","[""unknown"", ""unknown"", ""unclassified"", ""common"", ""ultra_rare""]",Melioidosis | Nocardiosis | Tuberculosis miliar | Septicemia estafilocócica | Brucelosis,"Melioidosis → Melioidosis [exact, 100.0%] → 1C42 ;; Nocardiosis → Nocardiosis [exact, 100.0%] → 1C1B.Y ;; Tuberculosis miliar → Tuberculosis multifocal [semantic, 0.0%] → 1B12.Y ;; Septicemia estafilocócica → Toxemia estafilocócica [semantic_who, 0.0%] → MA15.0 ;; Brucelosis → Brucelosis [exact, 100.0%] → 1B95"
,3,"[""1G04"", ""EA80.Z"", ""EB05"", ""2B31.2"", ""EB13.0""]","[""N/A"", ""N/A"", ""N/A"", ""1-9 / 100 000"", ""Desconocido""]","[""common"", ""common"", ""common"", ""very_rare"", ""unknown""]",Escabiosis | Dermatitis atópica | Urticaria múltiple | Histiocitosis de células de Langerhans | Síndrome de Stevens-Johnson,"Escabiosis → 1G04 [who_api, 0.0%] → 1G04 ;; Dermatitis atópica → EA80.Z [who_api, 0.0%] → EA80.Z ;; Urticaria múltiple → EB05 [who_api, 0.0%] → EB05 ;; Histiocitosis de células de Langerhans → Histiocitosis de células de Langerhans [exact, 100.0%] → 2B31.2 ;; Síndrome de Stevens-Johnson → Síndrome de Stevens-Johnson [exact, 100.0%] → EB13.0"
,3,"[""2F98&XA6KU8"", ""NR-REN-005"", ""NR-REN-006"", ""BA00.Z"", ""8D60.Z""]","[""N/A"", ""N/A"", ""N/A"", ""N/A"", ""N/A""]","[""common"", ""unclassified"", ""unclassified"", ""common"", ""common""]",Reninoma | Hiperplasia renal constructiva con secreción renal | Estenosis renal | Hipertensión primaria | Hipertensión intracraneal secundaria,"Reninoma → 2F98&XA6KU8 [who_api, 0.0%] → 2F98&XA6KU8 ;; Hiperplasia renal constructiva con secreción renal → NR-REN-005 [nr, 0.0%] → NR-REN-005 ;; Estenosis renal → NR-REN-006 [nr, 0.0%] → NR-REN-006 ;; Hipertensión primaria → BA00.Z [who_api, 0.0%] → BA00.Z ;; Hipertensión intracraneal secundaria → 8D60.Z [who_api, 0.0%] → 8D60.Z"
,3,"[""BC43.Z"", ""BC43.01"", ""BC42.1&XN3BH"", ""BB40/1C33"", ""BC43.0Z""]","[""N/A"", ""N/A"", ""N/A"", ""N/A"", ""N/A""]","[""common"", ""common"", ""common"", ""common"", ""common""]",Cardiomiopatía de Chagas | Cardiomiopatía dilatada alcohólica | Miocarditis viral | Endocarditis crónica por fiebre Q | Cardiomiopatía dilatada idiopática,"Cardiomiopatía de Chagas → BC43.Z [who_api, 0.0%] → BC43.Z ;; Cardiomiopatía dilatada alcohólica → BC43.01 [who_api, 0.0%] → BC43.01 ;; Miocarditis viral → BC42.1&XN3BH [who_api, 0.0%] → BC42.1&XN3BH ;; Endocarditis crónica por fiebre Q → BB40/1C33 [who_api, 0.0%] → BB40/1C33 ;; Cardiomiopatía dilatada idiopática → BC43.0Z [who_api, 0.0%] → BC43.0Z"
,3,"[""NR-NEUR-015"", ""1C85"", ""NR-NEUR-016"", ""9C85.02"", ""8E4A.0""]","[""N/A"", ""N/A"", ""N/A"", ""Desconocido"", ""N/A""]","[""unclassified"", ""common"", ""unclassified"", ""unknown"", ""common""]",Encefalitis anti-NMDAR | Encefalitis anti-GABA(B) | Encefalitis anti-AMPAR/anti-CASPR2 | Síndrome opsoclonus-miooclono (anti-Ri) | Encefalitis viral (HSV‑1) o encefalitis no paraneoplásica,"Encefalitis anti-NMDAR → NR-NEUR-015 [nr, 0.0%] → NR-NEUR-015 ;; Encefalitis anti-GABA(B) → Encefalitis autoinmune [semantic_who, 0.0%] → 1C85 ;; Encefalitis anti-AMPAR/anti-CASPR2 → NR-NEUR-016 [nr, 0.0%] → NR-NEUR-016 ;; Síndrome opsoclonus-miooclono (anti-Ri) → Síndrome opsoclono-mioclono [semantic, 0.0%] → 9C85.02 ;; Encefalitis viral (HSV‑1) o encefalitis no paraneoplásica → 8E4A.0 [who_api, 0.0%] → 8E4A.0"
,3,"[""KA62.0"", ""KA62.3"", ""KA62.8"", ""5C55.2"", ""NR-NEUR-018""]","[""N/A"", ""1-5 / 10 000"", ""Desconocido"", ""1-5 / 10 000"", ""N/A""]","[""common"", ""unknown"", ""unknown"", ""unknown"", ""unclassified""]",Síndrome congénito de Zika | Infección congénita por citomegalovirus | Síndrome congénito de rubéola | Síndrome de Aicardi‑Goutières | Síndrome del encefalocriptocarpio (Zika) y trastornos genéticos de lisencefalia,"Síndrome congénito de Zika → KA62.0 [who_api, 0.0%] → KA62.0 ;; Infección congénita por citomegalovirus → Síndrome de citomegalovirus fetal [semantic, 0.0%] → KA62.3 ;; Síndrome congénito de rubéola → Síndrome de rubéola congénita [fuzzy_validated, 96.6%] → KA62.8 ;; Síndrome de Aicardi‑Goutières → Síndrome de Aicardi-Goutières [fuzzy_validated, 86.2%] → 5C55.2 ;; Síndrome del encefalocriptocarpio (Zika) y trastornos genéticos de lisencefalia → NR-NEUR-018 [nr, 0.0%] → NR-NEUR-018"
,3,"[""4A44.92"", ""4A40.0"", ""1D86"", ""1C31.0"", ""4A44.5""]","[""Desconocido"", ""1-5 / 10 000"", ""N/A"", ""Desconocido"", ""Desconocido""]","[""unknown"", ""unknown"", ""common"", ""unknown"", ""unknown""]",Púrpura de Henoch‑Schönlein | Lupus eritematoso sistémico | Fiebre viral | Fiebre maculosa de las Montañas Rocosas | Enfermedad de Kawasaki,"Púrpura de Henoch‑Schönlein → Vasculitis por inmunoglobulina A [semantic, 0.0%] → 4A44.92 ;; Lupus eritematoso sistémico → Lupus eritematoso sistémico [exact, 100.0%] → 4A40.0 ;; Fiebre viral → 1D86 [who_api, 0.0%] → 1D86 ;; Fiebre maculosa de las Montañas Rocosas → Fiebre maculosa de las Montañas Rocosas [exact, 100.0%] → 1C31.0 ;; Enfermedad de Kawasaki → Enfermedad de Kawasaki [exact, 100.0%] → 4A44.5"
,3,"[""1F04"", ""1F03"", ""1F02"", ""EA10"", ""EA12""]","[""N/A"", ""N/A"", ""N/A"", ""N/A"", ""N/A""]","[""common"", ""common"", ""common"", ""common"", ""common""]",Eritema infeccioso | Sarampión | Rubéola | Pitiriasis rosada | Síndrome de Gianotti-Crosti,"Eritema infeccioso → 1F04 [who_api, 0.0%] → 1F04 ;; Sarampión → 1F03 [who_api, 0.0%] → 1F03 ;; Rubéola → 1F02 [who_api, 0.0%] → 1F02 ;; Pitiriasis rosada → EA10 [who_api, 0.0%] → EA10 ;; Síndrome de Gianotti-Crosti → EA12 [who_api, 0.0%] → EA12"
,3,"[""1F54.1"", ""1F54.1"", ""1F54.2"", ""DB90.0&XN74M"", ""1F2Z""]","[""N/A"", ""N/A"", ""1-9 / 1 000 000"", ""N/A"", ""Desconocido""]","[""common"", ""common"", ""ultra_rare"", ""common"", ""unknown""]",Leishmaniasis cutánea difusa | Leishmaniasis cutánea discreta | Leishmaniasis mucocutánea | Absceso bacteriano | Infección fúngica,"Leishmaniasis cutánea difusa → 1F54.1 [who_api, 0.0%] → 1F54.1 ;; Leishmaniasis cutánea discreta → 1F54.1 [who_api, 0.0%] → 1F54.1 ;; Leishmaniasis mucocutánea → Leishmaniasis [semantic, 0.0%] → 1F54.2 ;; Absceso bacteriano → DB90.0&XN74M [who_api, 0.0%] → DB90.0&XN74M ;; Infección fúngica → Fusariosis [semantic, 0.0%] → 1F2Z"
,3,"[""1C80"", ""DB98.3"", ""1F52"", ""1B91"", ""NR-INFEC-023""]","[""N/A"", ""Desconocido"", ""<1 / 1 000 000"", ""1-9 / 1 000 000"", ""N/A""]","[""common"", ""unknown"", ""ultra_rare"", ""ultra_rare"", ""unclassified""]",Encefalitis viral | Fiebre Q | Babesiosis | Leptospirosis | Sepsis por bacterias gram‑negativas,"Encefalitis viral → Encefalitis [semantic_who, 0.0%] → 1C80 ;; Fiebre Q → Fiebre Q [exact, 100.0%] → DB98.3 ;; Babesiosis → Babesiosis [exact, 100.0%] → 1F52 ;; Leptospirosis → Leptospirosis [exact, 100.0%] → 1B91 ;; Sepsis por bacterias gram‑negativas → NR-INFEC-023 [nr, 0.0%] → NR-INFEC-023"
,3,"[""2A3Z"", ""3B64.14"", ""1F54.2"", ""3A21.0"", ""4A44.A1""]","[""1-9 / 100 000"", ""Desconocido"", ""1-9 / 1 000 000"", ""1-9 / 100 000"", ""1-9 / 100 000""]","[""very_rare"", ""unknown"", ""ultra_rare"", ""very_rare"", ""very_rare""]",Síndrome mielodisplásico | Púrpura trombocitopénica trombótica | Leishmaniasis visceral | Hemoglobinuria paroxística nocturna | Granulomatosis con poliangeítis,"Síndrome mielodisplásico → Síndrome mielodisplásico [exact_who, 100.0%] → 2A3Z ;; Púrpura trombocitopénica trombótica → Púrpura trombótica trombocitopénica [fuzzy_validated, 100.0%] → 3B64.14 ;; Leishmaniasis visceral → Leishmaniasis [semantic, 0.0%] → 1F54.2 ;; Hemoglobinuria paroxística nocturna → Hemoglobinuria paroxística nocturna [exact, 100.0%] → 3A21.0 ;; Granulomatosis con poliangeítis → Granulomatosis con poliangeítis [exact, 100.0%] → 4A44.A1"
,3,"[""3A2Z"", ""3A2Z"", ""3A20.5"", ""3A21.1"", ""NR-HEMAT-010""]","[""N/A"", ""N/A"", ""1-9 / 1 000 000"", ""N/A"", ""N/A""]","[""common"", ""common"", ""ultra_rare"", ""common"", ""unclassified""]",Hemoglobinemia aguda por infección de Epstein‑Barr | Hemoglobinemia paroxística fría | Síndrome de Evans | Anemia hemolítica microangiopática | Reacción transfusional hemolítica,"Hemoglobinemia aguda por infección de Epstein‑Barr → 3A2Z [who_api, 0.0%] → 3A2Z ;; Hemoglobinemia paroxística fría → 3A2Z [who_api, 0.0%] → 3A2Z ;; Síndrome de Evans → Síndrome de Evans [exact, 100.0%] → 3A20.5 ;; Anemia hemolítica microangiopática → 3A21.1 [who_api, 0.0%] → 3A21.1 ;; Reacción transfusional hemolítica → NR-HEMAT-010 [nr, 0.0%] → NR-HEMAT-010"
,3,"[""1F20.0Y"", ""1B21.0"", ""CA40.0Z"", ""4A44.4"", ""1F23.3""]","[""N/A"", ""1-9 / 100 000"", ""N/A"", ""1-9 / 100 000"", ""Desconocido""]","[""common"", ""very_rare"", ""common"", ""very_rare"", ""unknown""]",Aspergilosis pulmonar invasiva | Neumonía por micobacterias no tuberculosas | Neumonía bacteriana | Poliarteritis nodosa | Candidiasis pulmonar,"Aspergilosis pulmonar invasiva → 1F20.0Y [who_api, 0.0%] → 1F20.0Y ;; Neumonía por micobacterias no tuberculosas → Infección pulmonar por micobacterias no tuberculosas [semantic, 0.0%] → 1B21.0 ;; Neumonía bacteriana → CA40.0Z [who_api, 0.0%] → CA40.0Z ;; Poliarteritis nodosa → Poliarteritis nodosa [exact, 100.0%] → 4A44.4 ;; Candidiasis pulmonar → Candidiasis invasiva [semantic, 0.0%] → 1F23.3"
,4,"[""DB98.3"", ""1B10"", ""1B21.0"", ""CA82.4"", ""1B95""]","[""Desconocido"", ""N/A"", ""1-9 / 100 000"", ""Desconocido"", ""<1 / 1 000 000""]","[""unknown"", ""unclassified"", ""very_rare"", ""unknown"", ""ultra_rare""]",Fiebre Q | Tuberculosis pulmonar | Micobacterias no tuberculosas | Aspergilosis pulmonar | Brucelosis,"Fiebre Q → Fiebre Q [exact, 100.0%] → DB98.3 ;; Tuberculosis pulmonar → Tuberculosis pulmonar primaria [semantic, 0.0%] → 1B10 ;; Micobacterias no tuberculosas → Infección pulmonar por micobacterias no tuberculosas [semantic, 0.0%] → 1B21.0 ;; Aspergilosis pulmonar → Aspergilosis bronco-pulmonar alérgica [semantic, 0.0%] → CA82.4 ;; Brucelosis → Brucelosis [exact, 100.0%] → 1B95"
,4,"[""DA90.2"", ""NR-GAST-001"", ""MD11.0"", ""NR-OTR-001"", ""DC32.5""]","[""N/A"", ""N/A"", ""N/A"", ""N/A"", ""Desconocido""]","[""common"", ""unclassified"", ""common"", ""unclassified"", ""unknown""]",Pseudo‑obstrucción intestinal | Obstrucción mesentérica superior | Síndrome de apnea gástrica | Síndrome de cacos | Pancreatitis,"Pseudo‑obstrucción intestinal → DA90.2 [who_api, 0.0%] → DA90.2 ;; Obstrucción mesentérica superior → NR-GAST-001 [nr, 0.0%] → NR-GAST-001 ;; Síndrome de apnea gástrica → MD11.0 [who_api, 0.0%] → MD11.0 ;; Síndrome de cacos → NR-OTR-001 [nr, 0.0%] → NR-OTR-001 ;; Pancreatitis → Pancreatitis tropical [semantic, 0.0%] → DC32.5"
,4,"[""8B22.8"", ""8A66.0"", ""8B26.5Z/8B20"", ""8E47/GB61.Z"", ""6D70.Z""]","[""N/A"", ""N/A"", ""N/A"", ""N/A"", ""N/A""]","[""common"", ""common"", ""common"", ""common"", ""common""]",Encefalopatía hipertensiva | Estado epiléptico no convulsivo | Accidente cerebrovascular lacunar | Encefalopatía urémica | Delirium inducido por fármacos,"Encefalopatía hipertensiva → 8B22.8 [who_api, 0.0%] → 8B22.8 ;; Estado epiléptico no convulsivo → 8A66.0 [who_api, 0.0%] → 8A66.0 ;; Accidente cerebrovascular lacunar → 8B26.5Z/8B20 [who_api, 0.0%] → 8B26.5Z/8B20 ;; Encefalopatía urémica → 8E47/GB61.Z [who_api, 0.0%] → 8E47/GB61.Z ;; Delirium inducido por fármacos → 6D70.Z [who_api, 0.0%] → 6D70.Z"
,4,"[""MF85"", ""4A44.A1"", ""4A44.A0"", ""MD23"", ""4A40.0""]","[""N/A"", ""1-9 / 100 000"", ""1-9 / 100 000"", ""1-9 / 100 000"", ""1-5 / 10 000""]","[""common"", ""very_rare"", ""very_rare"", ""very_rare"", ""unknown""]",Síndrome de Goodpasture | Granulomatosis con poliangiitis | Poliangitis microscópica | Hemorragia alveolar idiopática | Lupus eritematoso sistémico,"Síndrome de Goodpasture → MF85 [who_api, 0.0%] → MF85 ;; Granulomatosis con poliangiitis → Granulomatosis con poliangeítis [fuzzy_validated, 93.5%] → 4A44.A1 ;; Poliangitis microscópica → Poliangeitis microscópica [fuzzy_validated, 98.0%] → 4A44.A0 ;; Hemorragia alveolar idiopática → Hemorragia alveolar difusa [semantic, 0.0%] → MD23 ;; Lupus eritematoso sistémico → Lupus eritematoso sistémico [exact, 100.0%] → 4A40.0"
,4,"[""1B12.1"", ""9A96.1/FA24.Z"", ""4B20.4"", ""4A62"", ""4A44.Z""]","[""N/A"", ""N/A"", ""N/A"", ""1-9 / 100 000"", ""N/A""]","[""common"", ""common"", ""common"", ""very_rare"", ""common""]",Uveítis granulomatosa tuberculosa | Uveítis asociada a artritis idiopática juvenil | Sarcoidosis ocular | Enfermedad de Behçet | Vasculitis ocular,"Uveítis granulomatosa tuberculosa → 1B12.1 [who_api, 0.0%] → 1B12.1 ;; Uveítis asociada a artritis idiopática juvenil → 9A96.1/FA24.Z [who_api, 0.0%] → 9A96.1/FA24.Z ;; Sarcoidosis ocular → 4B20.4 [who_api, 0.0%] → 4B20.4 ;; Enfermedad de Behçet → Enfermedad de Behçet [exact, 100.0%] → 4A62 ;; Vasculitis ocular → 4A44.Z [who_api, 0.0%] → 4A44.Z"
,4,"[""5C64.3"", ""5A50.Z"", ""GB90.44"", ""5C63.21"", ""NR-MUSC-001""]","[""Desconocido"", ""N/A"", ""Desconocido"", ""Desconocido"", ""N/A""]","[""unknown"", ""common"", ""unknown"", ""unknown"", ""unclassified""]",Hipofosfatasa infantil severa | Hipoparatiroidismo primario | Acidosis tubular renal proximal | Raquitismo por deficiencia de vitamina D resistente | Trastornos de mineralización ósea,"Hipofosfatasa infantil severa → Hipofosfatasia de inicio en la infancia [semantic, 0.0%] → 5C64.3 ;; Hipoparatiroidismo primario → 5A50.Z [who_api, 0.0%] → 5A50.Z ;; Acidosis tubular renal proximal → Acidosis tubular renal proximal [exact, 100.0%] → GB90.44 ;; Raquitismo por deficiencia de vitamina D resistente → Raquitismo hipocalcémico resistente a la vitamina D [semantic, 0.0%] → 5C63.21 ;; Trastornos de mineralización ósea → NR-MUSC-001 [nr, 0.0%] → NR-MUSC-001"
,4,"[""2A3Z"", ""3B65"", ""3A70.Z"", ""MA16.00"", ""NR-HEMAT-001""]","[""1-9 / 100 000"", ""N/A"", ""N/A"", ""N/A"", ""N/A""]","[""very_rare"", ""common"", ""common"", ""common"", ""unclassified""]",Síndrome mielodisplásico | Microangiopatía trombótica | Anemia aplásica | Hemólisis hemolítica por infección | MDS/MPN híbrido,"Síndrome mielodisplásico → Síndrome mielodisplásico [exact_who, 100.0%] → 2A3Z ;; Microangiopatía trombótica → Microangiopatía trombótica [exact_who, 100.0%] → 3B65 ;; Anemia aplásica → Anemia aplásica [exact_who, 100.0%] → 3A70.Z ;; Hemólisis hemolítica por infección → MA16.00 [who_api, 0.0%] → MA16.00 ;; MDS/MPN híbrido → NR-HEMAT-001 [nr, 0.0%] → NR-HEMAT-001"
,4,"[""4A44.5"", ""1C31.0"", ""4A44.92"", ""EA00"", ""NR-OTR-002""]","[""Desconocido"", ""Desconocido"", ""Desconocido"", ""N/A"", ""N/A""]","[""unknown"", ""unknown"", ""unknown"", ""common"", ""unclassified""]",Enfermedad de Kawasaki | Fiebre de las Montañas Rocosas | Vasculitis IgA | Exantema viral | Reacción medicamentosa,"Enfermedad de Kawasaki → Enfermedad de Kawasaki [exact, 100.0%] → 4A44.5 ;; Fiebre de las Montañas Rocosas → Fiebre maculosa de las Montañas Rocosas [fuzzy_validated, 87.0%] → 1C31.0 ;; Vasculitis IgA → Vasculitis por inmunoglobulina A [exact, 100.0%] → 4A44.92 ;; Exantema viral → EA00 [who_api, 0.0%] → EA00 ;; Reacción medicamentosa → NR-OTR-002 [nr, 0.0%] → NR-OTR-002"
,4,"[""5D00.1"", ""2A83.1"", ""MF54.0"", ""4B20.1"", ""BD5Y""]","[""1-5 / 10 000"", ""1-5 / 10 000"", ""N/A"", ""6-9 / 10 000"", ""<1 / 1 000 000""]","[""unknown"", ""unknown"", ""common"", ""rare"", ""ultra_rare""]",Amiloidosis AL sistémica | Mieloma múltiple | Glomeruloesclerosis segmental focal | Sarcoidosis | Síndrome de fuga capilar,"Amiloidosis AL sistémica → Amiloidosis sistémica primaria [exact_who, 100.0%] → 5D00.1 ;; Mieloma múltiple → Mieloma múltiple [exact, 100.0%] → 2A83.1 ;; Glomeruloesclerosis segmental focal → MF54.0 [who_api, 0.0%] → MF54.0 ;; Sarcoidosis → Sarcoidosis [exact, 100.0%] → 4B20.1 ;; Síndrome de fuga capilar → Síndrome de extravasación capilar sistémica [exact, 100.0%] → BD5Y"
,4,"[""5A03.1"", ""1H0Z"", ""2B33.5"", ""1C11.Z"", ""DB98.3""]","[""N/A"", ""N/A"", ""N/A"", ""N/A"", ""Desconocido""]","[""common"", ""common"", ""common"", ""common"", ""unknown""]",Tiroiditis subaguda | Infección tiroidal | Linfoma cervical | Bartonelosis | Fiebre Q,"Tiroiditis subaguda → 5A03.1 [who_api, 0.0%] → 5A03.1 ;; Infección tiroidal → 1H0Z [who_api, 0.0%] → 1H0Z ;; Linfoma cervical → 2B33.5 [who_api, 0.0%] → 2B33.5 ;; Bartonelosis → 1C11.Z [who_api, 0.0%] → 1C11.Z ;; Fiebre Q → Fiebre Q [exact, 100.0%] → DB98.3"
,4,"[""NR-ENDOC-006"", ""MG47"", ""NR-ENDOC-004"", ""NR-ENDOC-005"", ""NR-REN-002""]","[""N/A"", ""N/A"", ""N/A"", ""N/A"", ""N/A""]","[""unclassified"", ""common"", ""unclassified"", ""unclassified"", ""unclassified""]",Deficiencia de CYP24A1 | Intoxicación por vitamina D | Consumo excesivo de calcio | Síndrome hipocalciurótico familiar | RTA distal,"Deficiencia de CYP24A1 → NR-ENDOC-006 [nr, 0.0%] → NR-ENDOC-006 ;; Intoxicación por vitamina D → MG47 [who_api, 0.0%] → MG47 ;; Consumo excesivo de calcio → NR-ENDOC-004 [nr, 0.0%] → NR-ENDOC-004 ;; Síndrome hipocalciurótico familiar → NR-ENDOC-005 [nr, 0.0%] → NR-ENDOC-005 ;; RTA distal → NR-REN-002 [nr, 0.0%] → NR-REN-002"
,4,"[""2A60"", ""2A82.00"", ""XH4XG8"", ""1G40"", ""2A3Z""]","[""1-5 / 10 000"", ""1-5 / 10 000"", ""1-9 / 100 000"", ""N/A"", ""1-9 / 100 000""]","[""unknown"", ""unknown"", ""very_rare"", ""common"", ""very_rare""]",Leucemia mieloide aguda | Leucemia linfoide aguda | Leucemia mielógena crónica | Sepsis bacteriana | Síndrome mielodisplásico,"Leucemia mieloide aguda → Leucemia mieloide aguda [exact, 100.0%] → 2A60 ;; Leucemia linfoide aguda → Leucemia linfoblástica aguda [semantic_who, 0.0%] → 2A82.00 ;; Leucemia mielógena crónica → Leucemia mieloide crónica [exact, 100.0%] → XH4XG8 ;; Sepsis bacteriana → 1G40 [who_api, 0.0%] → 1G40 ;; Síndrome mielodisplásico → Síndrome mielodisplásico [exact_who, 100.0%] → 2A3Z"
,4,[],[],[],,
,4,"[""LD2C"", ""5A41"", ""LD2F.1Y"", ""2F32.0"", ""2C10.1""]","[""N/A"", ""N/A"", ""<1 / 1 000 000"", ""N/A"", ""1-9 / 1 000 000""]","[""common"", ""common"", ""ultra_rare"", ""common"", ""ultra_rare""]",Síndrome de Beckwith‑Wiedemann | Hipoglucemia hiperinsulinémica congénita | Síndrome de Pallister‑Hall | Teratoma sacrococcígeo | Insulinoma,"Síndrome de Beckwith‑Wiedemann → LD2C [who_api, 0.0%] → LD2C ;; Hipoglucemia hiperinsulinémica congénita → Hipoglucemia hiperinsulinémica [fuzzy_validated_who, 85.7%] → 5A41 ;; Síndrome de Pallister‑Hall → Síndrome de Pallister-Hall [semantic, 0.0%] → LD2F.1Y ;; Teratoma sacrococcígeo → Teratoma sacrococcígeo [exact_who, 100.0%] → 2F32.0 ;; Insulinoma → Insulinoma [exact, 100.0%] → 2C10.1"
,4,"[""4A44.A2"", ""CA82.4"", ""CB02.11"", ""4B03.Z"", ""1F68.0""]","[""1-9 / 100 000"", ""Desconocido"", ""Desconocido"", ""Desconocido"", ""Desconocido""]","[""very_rare"", ""unknown"", ""unknown"", ""unknown"", ""unknown""]",Eosinofilia granulomatosis con poliangeítis | Bronquitis alérgica broncopulmonar | Neumonía eosinofílica crónica | Síndrome de eosinofilia hiperinémica | Infección parasitaria,"Eosinofilia granulomatosis con poliangeítis → Granulomatosis eosinofílica con poliangeítis [fuzzy_validated, 96.6%] → 4A44.A2 ;; Bronquitis alérgica broncopulmonar → Aspergilosis bronco-pulmonar alérgica [semantic, 0.0%] → CA82.4 ;; Neumonía eosinofílica crónica → Neumonía eosinofílica crónica idiopática [semantic, 0.0%] → CB02.11 ;; Síndrome de eosinofilia hiperinémica → Síndrome hipereosinofílico primario [semantic_who, 0.0%] → 4B03.Z ;; Infección parasitaria → Anquilostomiasis [semantic, 0.0%] → 1F68.0"
,4,"[""2A8Z"", ""2A02.10"", ""4B20.1"", ""NR-NEUR-004"", ""4A43.0""]","[""1-9 / 1 000 000"", ""Desconocido"", ""6-9 / 10 000"", ""N/A"", ""N/A""]","[""ultra_rare"", ""unknown"", ""rare"", ""unclassified"", ""common""]",Linfoma primario del sistema nervioso central | Neurolinfoma metastásico | Sarcoidosis neurológica | Angiitis cerebral primaria | Enfermedad IgG4 relacionada meníngea,"Linfoma primario del sistema nervioso central → Linfoma primario del sistema nervioso central [exact, 100.0%] → 2A8Z ;; Neurolinfoma metastásico → Tumor maligno de la vaina nerviosa periférica [semantic, 0.0%] → 2A02.10 ;; Sarcoidosis neurológica → Sarcoidosis [semantic, 0.0%] → 4B20.1 ;; Angiitis cerebral primaria → NR-NEUR-004 [nr, 0.0%] → NR-NEUR-004 ;; Enfermedad IgG4 relacionada meníngea → 4A43.0 [who_api, 0.0%] → 4A43.0"
,4,"[""4A01.01"", ""DD70.Z"", ""DA95"", ""2A90.7"", ""1A31""]","[""N/A"", ""N/A"", ""Desconocido"", ""<1 / 1 000 000"", ""N/A""]","[""common"", ""common"", ""unknown"", ""ultra_rare"", ""common""]",Enteropatía asociada a inmunodeficiencia común variable | Enfermedad de Crohn enterocutánea | Enfermedad celíaca refractaria tipo II | Linfoma de enterocito asociada | Deficiencia de IgA con giardiasis crónica,"Enteropatía asociada a inmunodeficiencia común variable → Inmunodeficiencia común variable sin anomalía genética conocida [semantic_who, 0.0%] → 4A01.01 ;; Enfermedad de Crohn enterocutánea → DD70.Z [who_api, 0.0%] → DD70.Z ;; Enfermedad celíaca refractaria tipo II → Enfermedad celíaca refractaria [semantic, 0.0%] → DA95 ;; Linfoma de enterocito asociada → Linfoma de células T asociado a enteropatía [semantic, 0.0%] → 2A90.7 ;; Deficiencia de IgA con giardiasis crónica → 1A31 [who_api, 0.0%] → 1A31"
,4,"[""8E4A.0"", ""8E4A.0"", ""1C80"", ""8A42"", ""6B60.Z""]","[""Desconocido"", ""<1 / 1 000 000"", ""N/A"", ""Desconocido"", ""N/A""]","[""unknown"", ""ultra_rare"", ""common"", ""unknown"", ""common""]",Encefalitis anti‑NMDA receptor | Encefalopatía de Hashimoto | Encefalitis viral (HSV 1) | Encefalomielitis aguda | Trastorno neurológico funcional,"Encefalitis anti‑NMDA receptor → Encefalitis del receptor NMDA [semantic_who, 0.0%] → 8E4A.0 ;; Encefalopatía de Hashimoto → Encefalopatía sensible a esteroides asociada a tiroiditis autoinmune [semantic, 0.0%] → 8E4A.0 ;; Encefalitis viral (HSV 1) → 1C80 [who_api, 0.0%] → 1C80 ;; Encefalomielitis aguda → Encefalomielitis aguda diseminada [semantic, 0.0%] → 8A42 ;; Trastorno neurológico funcional → 6B60.Z [who_api, 0.0%] → 6B60.Z"
,4,"[""4A43.0"", ""XH1VJ3"", ""NR-HEMAT-007"", ""2B33.5"", ""2E00""]","[""Desconocido"", ""<1 / 1 000 000"", ""N/A"", ""N/A"", ""N/A""]","[""unknown"", ""ultra_rare"", ""unclassified"", ""common"", ""common""]",Enfermedad IgG4‑relacionada | Enfermedad de Erdheim-Chester | Síndrome de Castleman | Linfoma indolente | Metástasis renal,"Enfermedad IgG4‑relacionada → Enfermedad renal relacionada con IgG4 [semantic, 0.0%] → 4A43.0 ;; Enfermedad de Erdheim-Chester → Enfermedad de Erdheim-Chester [exact, 100.0%] → XH1VJ3 ;; Síndrome de Castleman → NR-HEMAT-007 [nr, 0.0%] → NR-HEMAT-007 ;; Linfoma indolente → 2B33.5 [who_api, 0.0%] → 2B33.5 ;; Metástasis renal → 2E00 [who_api, 0.0%] → 2E00"
,4,"[""1F2C"", ""RA01"", ""MA15.0"", ""4A44.AZ"", ""3B4Z""]","[""N/A"", ""N/A"", ""N/A"", ""N/A"", ""N/A""]","[""common"", ""common"", ""common"", ""common"", ""common""]",Mucormicosis cutánea | Manifestación cutánea por COVID-19 | Bacteremia con sepsis cutánea | Vasculitis ANCA | Coagulopatía inducida por warfarina/heparina,"Mucormicosis cutánea → 1F2C [who_api, 0.0%] → 1F2C ;; Manifestación cutánea por COVID-19 → RA01 [who_api, 0.0%] → RA01 ;; Bacteremia con sepsis cutánea → MA15.0 [who_api, 0.0%] → MA15.0 ;; Vasculitis ANCA → 4A44.AZ [who_api, 0.0%] → 4A44.AZ ;; Coagulopatía inducida por warfarina/heparina → 3B4Z [who_api, 0.0%] → 3B4Z"
,4,"[""JB4Z"", ""JB4Z"", ""6E20"", ""QE84"", ""JB4Z""]","[""N/A"", ""N/A"", ""N/A"", ""N/A"", ""N/A""]","[""common"", ""common"", ""common"", ""common"", ""common""]",Trastorno de ansiedad posparto | Trastorno obsesivo‑compulsivo posparto | Depresión posparto | Trastorno de estrés agudo posparto | Trastorno de adaptación posparto,"Trastorno de ansiedad posparto → JB4Z [who_api, 0.0%] → JB4Z ;; Trastorno obsesivo‑compulsivo posparto → JB4Z [who_api, 0.0%] → JB4Z ;; Depresión posparto → 6E20 [who_api, 0.0%] → 6E20 ;; Trastorno de estrés agudo posparto → QE84 [who_api, 0.0%] → QE84 ;; Trastorno de adaptación posparto → JB4Z [who_api, 0.0%] → JB4Z"
,4,"[""EB21"", ""EB20"", ""1G40"", ""JB4Z"", ""NR-DERM-003""]","[""Desconocido"", ""Desconocido"", ""N/A"", ""N/A"", ""N/A""]","[""unknown"", ""unknown"", ""common"", ""common"", ""unclassified""]",Pyoderma gangrenosum | Síndrome de Sweet | Sepsis bacteriana | Lupus puerperal | Dermatitis neutrofílica inducida por fármacos,"Pyoderma gangrenosum → Pioderma gangrenoso [fuzzy_validated, 87.2%] → EB21 ;; Síndrome de Sweet → Síndrome de Sweet [exact, 100.0%] → EB20 ;; Sepsis bacteriana → 1G40 [who_api, 0.0%] → 1G40 ;; Lupus puerperal → JB4Z [who_api, 0.0%] → JB4Z ;; Dermatitis neutrofílica inducida por fármacos → NR-DERM-003 [nr, 0.0%] → NR-DERM-003"
,4,"[""1G40"", ""DC13"", ""3B20"", ""4A45"", ""DB90.0""]","[""N/A"", ""N/A"", ""N/A"", ""N/A"", ""N/A""]","[""common"", ""common"", ""common"", ""unclassified"", ""common""]",Sepsis estreptocócica | Colangitis aguda acalculosa | Coagulación intravascular diseminada | Síndrome antifosfolípido | Absceso hepático,"Sepsis estreptocócica → 1G40 [who_api, 0.0%] → 1G40 ;; Colangitis aguda acalculosa → DC13 [who_api, 0.0%] → DC13 ;; Coagulación intravascular diseminada → 3B20 [who_api, 0.0%] → 3B20 ;; Síndrome antifosfolípido → Síndrome antifosfolípido [exact, 100.0%] → 4A45 ;; Absceso hepático → DB90.0 [who_api, 0.0%] → DB90.0"
,4,"[""2F32.Y"", ""2C73.Y"", ""2C73.0Z"", ""NR-ENDOC-008"", ""2F7Z""]","[""N/A"", ""N/A"", ""N/A"", ""N/A"", ""<1 / 1 000 000""]","[""common"", ""common"", ""common"", ""unclassified"", ""ultra_rare""]",Tumor de células de la teca | Tumor de Sertoli-Leydig | Carcinoma seroso de ovario | Hiperplasia poliquística ovárica | Tumor de cordón sexual,"Tumor de células de la teca → 2F32.Y [who_api, 0.0%] → 2F32.Y ;; Tumor de Sertoli-Leydig → 2C73.Y [who_api, 0.0%] → 2C73.Y ;; Carcinoma seroso de ovario → 2C73.0Z [who_api, 0.0%] → 2C73.0Z ;; Hiperplasia poliquística ovárica → NR-ENDOC-008 [nr, 0.0%] → NR-ENDOC-008 ;; Tumor de cordón sexual → Tumor testicular de los cordones sexuales [semantic_who, 0.0%] → 2F7Z"
,4,"[""CA40.20"", ""CB03.2"", ""CB00"", ""1B12.Y"", ""CA70""]","[""N/A"", ""Desconocido"", ""1-5 / 10 000"", ""N/A"", ""Desconocido""]","[""common"", ""unknown"", ""unknown"", ""unclassified"", ""unknown""]",Neumonía por Pneumocystis | Organización pulmonar criptogénica | Síndrome de dificultad respiratoria aguda | Tuberculosis miliar | Hipersensibilidad pulmonar,"Neumonía por Pneumocystis → CA40.20 [who_api, 0.0%] → CA40.20 ;; Organización pulmonar criptogénica → Neumonía con organización criptogénica [semantic, 0.0%] → CB03.2 ;; Síndrome de dificultad respiratoria aguda → Síndrome de dificultad respiratoria agudo del adulto [semantic, 0.0%] → CB00 ;; Tuberculosis miliar → Tuberculosis multifocal [semantic, 0.0%] → 1B12.Y ;; Hipersensibilidad pulmonar → Neumonitis por hipersensibilidad [semantic, 0.0%] → CA70"
,4,"[""2A83.1"", ""2A83.2"", ""NR-DERM-004"", ""2A81.2"", ""4B2Y""]","[""1-5 / 10 000"", ""1-9 / 1 000 000"", ""N/A"", ""N/A"", ""Desconocido""]","[""unknown"", ""ultra_rare"", ""unclassified"", ""common"", ""unknown""]",Mieloma múltiple | Plasmocitoma extramedular | Macroglocharoma | Linfoma linfoblástico plasmablástico | Enfermedad de Castleman,"Mieloma múltiple → Mieloma múltiple [exact, 100.0%] → 2A83.1 ;; Plasmocitoma extramedular → Plasmacitoma extramedular de tejidos blandos [semantic, 0.0%] → 2A83.2 ;; Macroglocharoma → NR-DERM-004 [nr, 0.0%] → NR-DERM-004 ;; Linfoma linfoblástico plasmablástico → 2A81.2 [who_api, 0.0%] → 2A81.2 ;; Enfermedad de Castleman → Enfermedad de Castleman [exact, 100.0%] → 4B2Y"
,4,"[""1B93.2"", ""1C19"", ""CA40.07"", ""CA40.06"", ""CA40.1Z""]","[""N/A"", ""N/A"", ""N/A"", ""N/A"", ""N/A""]","[""common"", ""unclassified"", ""common"", ""common"", ""common""]",Peste neumónica | Legionelosis | Neumonía por Streptococcus pneumoniae | Neumonía por Staphylococcus aureus | Neumonía viral,"Peste neumónica → 1B93.2 [who_api, 0.0%] → 1B93.2 ;; Legionelosis → Infección por Legionella [exact, 100.0%] → 1C19 ;; Neumonía por Streptococcus pneumoniae → CA40.07 [who_api, 0.0%] → CA40.07 ;; Neumonía por Staphylococcus aureus → CA40.06 [who_api, 0.0%] → CA40.06 ;; Neumonía viral → CA40.1Z [who_api, 0.0%] → CA40.1Z"
,4,"[""1A11.1"", ""8C01.0"", ""1D01.0Z"", ""5C50.AY"", ""5C50.A3""]","[""Desconocido"", ""1-9 / 100 000"", ""N/A"", ""1-9 / 100 000"", ""1-9 / 100 000""]","[""unknown"", ""very_rare"", ""common"", ""very_rare"", ""very_rare""]",Botulismo neonatal | Síndrome de Guillain-Barré | Meningitis bacteriana | Deficiencia de ornitina transcarbamilasa | Citrulinemia tipo 1,"Botulismo neonatal → Botulismo infantil [semantic, 0.0%] → 1A11.1 ;; Síndrome de Guillain-Barré → Síndrome de Guillain-Barré [exact, 100.0%] → 8C01.0 ;; Meningitis bacteriana → 1D01.0Z [who_api, 0.0%] → 1D01.0Z ;; Deficiencia de ornitina transcarbamilasa → Deficiencia de ornitina transcarbamilasa [exact, 100.0%] → 5C50.AY ;; Citrulinemia tipo 1 → Citrulinemia tipo I [exact, 100.0%] → 5C50.A3"
,4,"[""FA10.Z"", ""2E03"", ""NR-MUSC-004"", ""2F7Z"", ""NR-INFEC-010""]","[""N/A"", ""N/A"", ""N/A"", ""1-5 / 10 000"", ""N/A""]","[""common"", ""common"", ""unclassified"", ""unknown"", ""unclassified""]",Infección periprotésica articular | Metástasis ósea | Aflojamiento aséptico | Tumor de células gigantes tenosinovial | Infección protésica de bajo virulencia,"Infección periprotésica articular → FA10.Z [who_api, 0.0%] → FA10.Z ;; Metástasis ósea → 2E03 [who_api, 0.0%] → 2E03 ;; Aflojamiento aséptico → NR-MUSC-004 [nr, 0.0%] → NR-MUSC-004 ;; Tumor de células gigantes tenosinovial → Tumor tenosinovial de células gigantes [fuzzy_validated_who, 100.0%] → 2F7Z ;; Infección protésica de bajo virulencia → NR-INFEC-010 [nr, 0.0%] → NR-INFEC-010"
,4,"[""NR-NEUR-011"", ""NR-INFEC-011"", ""1C11.Z"", ""8A42"", ""1D01.0Z""]","[""N/A"", ""N/A"", ""N/A"", ""Desconocido"", ""N/A""]","[""unclassified"", ""unclassified"", ""common"", ""unknown"", ""common""]",Neuroborreliosis | Anaplasmosis | Bartonelosis | Encefalitis diseminada aguda | Meningitis postoperatoria bacteriana,"Neuroborreliosis → NR-NEUR-011 [nr, 0.0%] → NR-NEUR-011 ;; Anaplasmosis → NR-INFEC-011 [nr, 0.0%] → NR-INFEC-011 ;; Bartonelosis → 1C11.Z [who_api, 0.0%] → 1C11.Z ;; Encefalitis diseminada aguda → Encefalomielitis aguda diseminada [semantic, 0.0%] → 8A42 ;; Meningitis postoperatoria bacteriana → 1D01.0Z [who_api, 0.0%] → 1D01.0Z"
,4,"[""NR-GAST-006"", ""DA97.0"", ""DA43.3"", ""NR-GAST-009"", ""NR-GAST-010""]","[""N/A"", ""N/A"", ""N/A"", ""N/A"", ""N/A""]","[""unclassified"", ""common"", ""common"", ""unclassified"", ""unclassified""]",Varices ectópicas en la anastomosis hepático-jejunal | Angiodisplasia del intestino delgado | Gastropatía portal | Colopatía portal | Ruptura de collaterales portosistémicos,"Varices ectópicas en la anastomosis hepático-jejunal → NR-GAST-006 [nr, 0.0%] → NR-GAST-006 ;; Angiodisplasia del intestino delgado → DA97.0 [who_api, 0.0%] → DA97.0 ;; Gastropatía portal → DA43.3 [who_api, 0.0%] → DA43.3 ;; Colopatía portal → NR-GAST-009 [nr, 0.0%] → NR-GAST-009 ;; Ruptura de collaterales portosistémicos → NR-GAST-010 [nr, 0.0%] → NR-GAST-010"
,4,"[""2E90.6"", ""FB80.0"", ""NR-ONCOL-004"", ""CA0A.Z"", ""FB81.3""]","[""N/A"", ""Desconocido"", ""N/A"", ""N/A"", ""N/A""]","[""common"", ""unknown"", ""unclassified"", ""common"", ""unclassified""]",Fibroma ossificante juvenil | Displasia fibrosa | Carcinoma nasosinusal no diferenciado | Sinusitis crónica | Lesión traumática,"Fibroma ossificante juvenil → 2E90.6 [who_api, 0.0%] → 2E90.6 ;; Displasia fibrosa → Displasia fibrosa de hueso [fuzzy_validated, 87.2%] → FB80.0 ;; Carcinoma nasosinusal no diferenciado → NR-ONCOL-004 [nr, 0.0%] → NR-ONCOL-004 ;; Sinusitis crónica → CA0A.Z [who_api, 0.0%] → CA0A.Z ;; Lesión traumática → Necrosis avascular traumática [semantic, 0.0%] → FB81.3"
,4,"[""8A80.4"", ""DD90.3"", ""DA61"", ""DA22.Z"", ""DA52.Y""]","[""N/A"", ""N/A"", ""N/A"", ""N/A"", ""N/A""]","[""common"", ""common"", ""common"", ""common"", ""unclassified""]",Síndrome de vómito cíclico | Síndrome de dispepsia funcional | Úlcera péptica | Enfermedad por reflujo gastroesofágico | Síndrome de la arteria mesentérica superior,"Síndrome de vómito cíclico → 8A80.4 [who_api, 0.0%] → 8A80.4 ;; Síndrome de dispepsia funcional → DD90.3 [who_api, 0.0%] → DD90.3 ;; Úlcera péptica → DA61 [who_api, 0.0%] → DA61 ;; Enfermedad por reflujo gastroesofágico → DA22.Z [who_api, 0.0%] → DA22.Z ;; Síndrome de la arteria mesentérica superior → Síndrome de la arteria mesentérica superior [exact, 100.0%] → DA52.Y"
,4,"[""BC42.Z"", ""DB98.3"", ""BC42.1&XN3BH"", ""BC80.1"", ""4A40.0""]","[""N/A"", ""Desconocido"", ""N/A"", ""N/A"", ""1-5 / 10 000""]","[""common"", ""unknown"", ""common"", ""common"", ""unknown""]",Miocarditis pericárdica inflamatoria | Fiebre Q | Miocarditis pericárdica viral | Bradicardia sinusal con bloqueo auriculoventricular | Lupus eritematoso sistémico,"Miocarditis pericárdica inflamatoria → BC42.Z [who_api, 0.0%] → BC42.Z ;; Fiebre Q → Fiebre Q [exact, 100.0%] → DB98.3 ;; Miocarditis pericárdica viral → BC42.1&XN3BH [who_api, 0.0%] → BC42.1&XN3BH ;; Bradicardia sinusal con bloqueo auriculoventricular → BC80.1 [who_api, 0.0%] → BC80.1 ;; Lupus eritematoso sistémico → Lupus eritematoso sistémico [exact, 100.0%] → 4A40.0"
,4,"[""3A20.5"", ""2A3Z"", ""3A21.0"", ""2B33.3"", ""3A70.Z""]","[""1-9 / 1 000 000"", ""1-9 / 100 000"", ""1-9 / 100 000"", ""1-5 / 10 000"", ""N/A""]","[""ultra_rare"", ""very_rare"", ""very_rare"", ""unknown"", ""common""]",Síndrome de Evans | Síndrome mielodisplásico | Hemoglobinuria paroxística nocturna | Leucemia aguda linfoblástica | Anemia aplásica,"Síndrome de Evans → Síndrome de Evans [exact, 100.0%] → 3A20.5 ;; Síndrome mielodisplásico → Síndrome mielodisplásico [exact_who, 100.0%] → 2A3Z ;; Hemoglobinuria paroxística nocturna → Hemoglobinuria paroxística nocturna [exact, 100.0%] → 3A21.0 ;; Leucemia aguda linfoblástica → Leucemia linfoblástica aguda [fuzzy_validated_who, 100.0%] → 2B33.3 ;; Anemia aplásica → Anemia aplásica [exact_who, 100.0%] → 3A70.Z"
,4,"[""LD27.01"", ""DA95"", ""NR-GAST-017"", ""NR-GAST-014"", ""5C64.20""]","[""Desconocido"", ""N/A"", ""N/A"", ""N/A"", ""1-9 / 1 000 000""]","[""unknown"", ""common"", ""unclassified"", ""unclassified"", ""ultra_rare""]",Síndrome de Cronkhite‑Canada | Enfermedad celíaca | Enteropatía asociada a deficiencia de IgA | Enteropatía inducida por preparación de medicina tradicional china | Acrodermatitis enteropática,"Síndrome de Cronkhite‑Canada → Síndrome de Cronkhite-Canada [semantic, 0.0%] → LD27.01 ;; Enfermedad celíaca → DA95 [who_api, 0.0%] → DA95 ;; Enteropatía asociada a deficiencia de IgA → NR-GAST-017 [nr, 0.0%] → NR-GAST-017 ;; Enteropatía inducida por preparación de medicina tradicional china → NR-GAST-014 [nr, 0.0%] → NR-GAST-014 ;; Acrodermatitis enteropática → Acrodermatitis enteropática [exact, 100.0%] → 5C64.20"
,4,"[""EB20"", ""FA11.2"", ""EB31"", ""EF00.Y"", ""4A44.Z""]","[""Desconocido"", ""1-9 / 100 000"", ""N/A"", ""Desconocido"", ""N/A""]","[""unknown"", ""very_rare"", ""common"", ""unknown"", ""common""]",Síndrome de Sweet | Artritis reactiva | Eritema nodoso | Panniculitis nodular idiopática | Vasculitis mixta,"Síndrome de Sweet → Síndrome de Sweet [exact, 100.0%] → EB20 ;; Artritis reactiva → Artritis reactiva [exact, 100.0%] → FA11.2 ;; Eritema nodoso → EB31 [who_api, 0.0%] → EB31 ;; Panniculitis nodular idiopática → Paniculitis nodular no supurativa [semantic, 0.0%] → EF00.Y ;; Vasculitis mixta → 4A44.Z [who_api, 0.0%] → 4A44.Z"
,4,"[""NR-ONCOL-006"", ""NR-ONCOL-009"", ""2E0Y&XA12C1"", ""NR-ONCOL-010"", ""2C6Y""]","[""N/A"", ""N/A"", ""N/A"", ""N/A"", ""<1 / 1 000 000""]","[""unclassified"", ""unclassified"", ""common"", ""unclassified"", ""ultra_rare""]",Carcinoma ductal invasivo | Carcinoma lobulillar invasivo | Metástasis mamaria | Tumor de phyllodes | Carcinoma metaplásico de mama,"Carcinoma ductal invasivo → NR-ONCOL-006 [nr, 0.0%] → NR-ONCOL-006 ;; Carcinoma lobulillar invasivo → NR-ONCOL-009 [nr, 0.0%] → NR-ONCOL-009 ;; Metástasis mamaria → 2E0Y&XA12C1 [who_api, 0.0%] → 2E0Y&XA12C1 ;; Tumor de phyllodes → NR-ONCOL-010 [nr, 0.0%] → NR-ONCOL-010 ;; Carcinoma metaplásico de mama → Carcinoma metaplásico de mama [exact, 100.0%] → 2C6Y"
,4,"[""NR-INFEC-014"", ""NR-INFEC-016"", ""NR-MUSC-008"", ""FC01.6"", ""FA20.Z""]","[""N/A"", ""N/A"", ""N/A"", ""N/A"", ""N/A""]","[""unclassified"", ""unclassified"", ""unclassified"", ""common"", ""common""]",Infección protésica por Mycobacterium bovis | Infección protésica por Staphylococcus aureus | Desenclavamiento protésico | Fractura periprotésica | Artritis reumatoide,"Infección protésica por Mycobacterium bovis → NR-INFEC-014 [nr, 0.0%] → NR-INFEC-014 ;; Infección protésica por Staphylococcus aureus → NR-INFEC-016 [nr, 0.0%] → NR-INFEC-016 ;; Desenclavamiento protésico → NR-MUSC-008 [nr, 0.0%] → NR-MUSC-008 ;; Fractura periprotésica → FC01.6 [who_api, 0.0%] → FC01.6 ;; Artritis reumatoide → FA20.Z [who_api, 0.0%] → FA20.Z"
,4,"[""JB42.1"", ""NR-OTR-016"", ""GA2Z"", ""JB42.2"", ""BC42.Z""]","[""Desconocido"", ""N/A"", ""N/A"", ""N/A"", ""N/A""]","[""unknown"", ""unclassified"", ""common"", ""common"", ""common""]",Embolia de líquido amniótico | Abrucción placentaria | Hemorragia uterina masiva | Embolia pulmonar obstétrica | Miocarditis periparto,"Embolia de líquido amniótico → Embolia de líquido amniótico [exact, 100.0%] → JB42.1 ;; Abrucción placentaria → NR-OTR-016 [nr, 0.0%] → NR-OTR-016 ;; Hemorragia uterina masiva → GA2Z [who_api, 0.0%] → GA2Z ;; Embolia pulmonar obstétrica → JB42.2 [who_api, 0.0%] → JB42.2 ;; Miocarditis periparto → BC42.Z [who_api, 0.0%] → BC42.Z"
,4,"[""1F2C"", ""CA82.4"", ""CA40.0Z"", ""1F23.31"", ""BB00.Z&XA8FY4""]","[""N/A"", ""Desconocido"", ""N/A"", ""N/A"", ""N/A""]","[""common"", ""unknown"", ""common"", ""common"", ""common""]",Mucormicosis pulmonar | Aspergilosis pulmonar | Neumonía bacteriana | Neumonía por Candida | Infarto pulmonar,"Mucormicosis pulmonar → 1F2C [who_api, 0.0%] → 1F2C ;; Aspergilosis pulmonar → Aspergilosis bronco-pulmonar alérgica [semantic, 0.0%] → CA82.4 ;; Neumonía bacteriana → CA40.0Z [who_api, 0.0%] → CA40.0Z ;; Neumonía por Candida → 1F23.31 [who_api, 0.0%] → 1F23.31 ;; Infarto pulmonar → BB00.Z&XA8FY4 [who_api, 0.0%] → BB00.Z&XA8FY4"
,4,"[""DC12.0Z"", ""DC31.2"", ""DC13"", ""BA41.Z"", ""BB20.Z""]","[""N/A"", ""N/A"", ""N/A"", ""N/A"", ""N/A""]","[""common"", ""common"", ""common"", ""common"", ""common""]",Colecistitis aguda calculosa | Pancreatitis aguda por cálculos | Colangitis aguda | Infarto de miocardio | Pericarditis aguda,"Colecistitis aguda calculosa → DC12.0Z [who_api, 0.0%] → DC12.0Z ;; Pancreatitis aguda por cálculos → DC31.2 [who_api, 0.0%] → DC31.2 ;; Colangitis aguda → DC13 [who_api, 0.0%] → DC13 ;; Infarto de miocardio → BA41.Z [who_api, 0.0%] → BA41.Z ;; Pericarditis aguda → BB20.Z [who_api, 0.0%] → BB20.Z"
,4,"[""CA40.20"", ""1B21.0"", ""1F23.3"", ""CA40.1Z"", ""1F2A""]","[""N/A"", ""N/A"", ""Desconocido"", ""N/A"", ""N/A""]","[""common"", ""common"", ""unknown"", ""common"", ""unclassified""]",Neumonía por Pneumocystis | Infección por Mycobacterium avium complejo | Candidiasis pulmonar | Neumonía viral oportunista | Histoplasmosis,"Neumonía por Pneumocystis → CA40.20 [who_api, 0.0%] → CA40.20 ;; Infección por Mycobacterium avium complejo → 1B21.0 [who_api, 0.0%] → 1B21.0 ;; Candidiasis pulmonar → Candidiasis invasiva [semantic, 0.0%] → 1F23.3 ;; Neumonía viral oportunista → CA40.1Z [who_api, 0.0%] → CA40.1Z ;; Histoplasmosis → Histoplasmosis [exact, 100.0%] → 1F2A"
,4,"[""1C1B.Y"", ""NR-INFEC-020"", ""BB40"", ""1C10.Y"", ""1F2C""]","[""Desconocido"", ""N/A"", ""Desconocido"", ""Desconocido"", ""Desconocido""]","[""unknown"", ""unclassified"", ""unknown"", ""unknown"", ""unknown""]",Nocardiosis | Klebsiella pneumoniae | Endocarditis | Actinomicosis | Mucormicosis,"Nocardiosis → Nocardiosis [exact, 100.0%] → 1C1B.Y ;; Klebsiella pneumoniae → NR-INFEC-020 [nr, 0.0%] → NR-INFEC-020 ;; Endocarditis → Endocarditis infecciosa [semantic, 0.0%] → BB40 ;; Actinomicosis → Actinomicosis [exact, 100.0%] → 1C10.Y ;; Mucormicosis → Zigomicosis [exact, 100.0%] → 1F2C"
,4,"[""1D81.Z"", ""1G04"", ""1C41"", ""EH7Z"", ""ME66.6Z""]","[""N/A"", ""N/A"", ""N/A"", ""N/A"", ""N/A""]","[""common"", ""common"", ""common"", ""common"", ""common""]",Mononucleosis infecciosa | Escabiosis | Infección por Mycoplasma pneumoniae | Reacción adversa cutánea a medicamentos | Exantema por SARS-CoV-2,"Mononucleosis infecciosa → 1D81.Z [who_api, 0.0%] → 1D81.Z ;; Escabiosis → 1G04 [who_api, 0.0%] → 1G04 ;; Infección por Mycoplasma pneumoniae → 1C41 [who_api, 0.0%] → 1C41 ;; Reacción adversa cutánea a medicamentos → EH7Z [who_api, 0.0%] → EH7Z ;; Exantema por SARS-CoV-2 → ME66.6Z [who_api, 0.0%] → ME66.6Z"
,4,"[""2C90.0"", ""2F98&XA6KU8"", ""BA00.Z"", ""5A70.Y"", ""8D60.Y""]","[""1-5 / 10 000"", ""N/A"", ""N/A"", ""<1 / 1 000 000"", ""1-5 / 10 000""]","[""unknown"", ""common"", ""common"", ""ultra_rare"", ""unknown""]",Carcinoma de células renales | Reninoma | Hipertensión primaria por sobreproducción de aldosterona | Síndrome de Cushing | Hipertensión intracraneal idiopática,"Carcinoma de células renales → Carcinoma de células renales [exact, 100.0%] → 2C90.0 ;; Reninoma → 2F98&XA6KU8 [who_api, 0.0%] → 2F98&XA6KU8 ;; Hipertensión primaria por sobreproducción de aldosterona → BA00.Z [who_api, 0.0%] → BA00.Z ;; Síndrome de Cushing → Síndrome de Cushing por enfermedad corticosuprarrenal macronodular bilateral [semantic, 0.0%] → 5A70.Y ;; Hipertensión intracraneal idiopática → Hipertensión intracraneal idiopática [exact, 100.0%] → 8D60.Y"
,4,"[""BC43.Z"", ""BC43.0Z"", ""BA51.Z"", ""BC42.1&XN3BH"", ""4B20.1""]","[""N/A"", ""N/A"", ""N/A"", ""N/A"", ""6-9 / 10 000""]","[""common"", ""common"", ""common"", ""common"", ""rare""]",Cardiomiopatía chagásica | Cardiomiopatía dilatada idiopática | Cardiomiopatía isquémica | Miocarditis viral | Sarcoidosis cardíaca,"Cardiomiopatía chagásica → BC43.Z [who_api, 0.0%] → BC43.Z ;; Cardiomiopatía dilatada idiopática → BC43.0Z [who_api, 0.0%] → BC43.0Z ;; Cardiomiopatía isquémica → BA51.Z [who_api, 0.0%] → BA51.Z ;; Miocarditis viral → BC42.1&XN3BH [who_api, 0.0%] → BC42.1&XN3BH ;; Sarcoidosis cardíaca → Sarcoidosis [semantic, 0.0%] → 4B20.1"
,4,"[""NR-NEUR-006"", ""NR-NEUR-014"", ""1D00.Z"", ""NR-NEUR-012"", ""8E4A.0""]","[""N/A"", ""N/A"", ""N/A"", ""N/A"", ""N/A""]","[""unclassified"", ""unclassified"", ""common"", ""unclassified"", ""common""]",Encefalitis anti‑NMDAR | Encefalitis anti‑GABA_B receptor | Encefalitis anti‑AMPAR | Encefalitis anti‑CASPR2 | Encefalitis paraneoplásica limbic,"Encefalitis anti‑NMDAR → NR-NEUR-006 [nr, 0.0%] → NR-NEUR-006 ;; Encefalitis anti‑GABA_B receptor → NR-NEUR-014 [nr, 0.0%] → NR-NEUR-014 ;; Encefalitis anti‑AMPAR → 1D00.Z [who_api, 0.0%] → 1D00.Z ;; Encefalitis anti‑CASPR2 → NR-NEUR-012 [nr, 0.0%] → NR-NEUR-012 ;; Encefalitis paraneoplásica limbic → OBSOLETO: Encefalitis límbica paraneoplásica [semantic_who, 0.0%] → 8E4A.0"
,4,"[""KA62.0"", ""KA62.3"", ""KA62.8"", ""KA64.0"", ""LD20.1""]","[""N/A"", ""1-5 / 10 000"", ""Desconocido"", ""Desconocido"", ""Desconocido""]","[""common"", ""unknown"", ""unknown"", ""unknown"", ""unknown""]",Síndrome congénito de Zika | Infección congénita por citomegalovirus | Síndrome congénito de rubéola | Infección congénita por toxoplasmosis | Lissencefalia hereditaria,"Síndrome congénito de Zika → KA62.0 [who_api, 0.0%] → KA62.0 ;; Infección congénita por citomegalovirus → Síndrome de citomegalovirus fetal [semantic, 0.0%] → KA62.3 ;; Síndrome congénito de rubéola → Síndrome de rubéola congénita [fuzzy_validated, 96.6%] → KA62.8 ;; Infección congénita por toxoplasmosis → Toxoplasmosis congénita [semantic, 0.0%] → KA64.0 ;; Lissencefalia hereditaria → Lisencefalia en empedrado [semantic, 0.0%] → LD20.1"
,4,"[""4A44.92"", ""4A40.0"", ""4A44.90"", ""MA15.0"", ""EB44""]","[""Desconocido"", ""1-5 / 10 000"", ""1-9 / 100 000"", ""N/A"", ""1-5 / 10 000""]","[""unknown"", ""unknown"", ""very_rare"", ""common"", ""unknown""]",Vasculitis de Henoch-Schönlein | Lupus eritematoso sistémico | Vasculitis por crioglobulinemia | Septicemia | Dermatitis herpetiforme,"Vasculitis de Henoch-Schönlein → Vasculitis por inmunoglobulina A [semantic, 0.0%] → 4A44.92 ;; Lupus eritematoso sistémico → Lupus eritematoso sistémico [exact, 100.0%] → 4A40.0 ;; Vasculitis por crioglobulinemia → Vasculitis crioglobulinémica [fuzzy_validated, 88.1%] → 4A44.90 ;; Septicemia → MA15.0 [who_api, 0.0%] → MA15.0 ;; Dermatitis herpetiforme → Dermatitis herpetiforme [exact, 100.0%] → EB44"
,4,"[""1F04"", ""1F02"", ""1B50"", ""NR-DERM-011"", ""EA12""]","[""N/A"", ""N/A"", ""N/A"", ""N/A"", ""N/A""]","[""common"", ""common"", ""unclassified"", ""unclassified"", ""common""]",Eritema infeccioso | Rubéola | Scarlatina | Pityriasis rosea | Enfermedad de Gianotti‑Crosti,"Eritema infeccioso → 1F04 [who_api, 0.0%] → 1F04 ;; Rubéola → 1F02 [who_api, 0.0%] → 1F02 ;; Scarlatina → Fiebre escarlata [fuzzy_validated, 95.2%] → 1B50 ;; Pityriasis rosea → NR-DERM-011 [nr, 0.0%] → NR-DERM-011 ;; Enfermedad de Gianotti‑Crosti → EA12 [who_api, 0.0%] → EA12"
,4,"[""1F54.1"", ""1F54.1"", ""EA8Z"", ""2B31.2"", ""1B70.Z""]","[""N/A"", ""N/A"", ""N/A"", ""1-9 / 100 000"", ""N/A""]","[""common"", ""common"", ""common"", ""very_rare"", ""common""]",Leishmaniasis cutánea | Leishmaniasis cutánea difusa | Dermatitis de insecto | Histiocitosis de células de Langerhans | Celulitis,"Leishmaniasis cutánea → 1F54.1 [who_api, 0.0%] → 1F54.1 ;; Leishmaniasis cutánea difusa → 1F54.1 [who_api, 0.0%] → 1F54.1 ;; Dermatitis de insecto → EA8Z [who_api, 0.0%] → EA8Z ;; Histiocitosis de células de Langerhans → Histiocitosis de células de Langerhans [exact, 100.0%] → 2B31.2 ;; Celulitis → Celulitis necrosante [semantic_who, 0.0%] → 1B70.Z"
,4,"[""1B91"", ""1D62.1"", ""1G40"", ""1E50.Y"", ""1D22""]","[""1-9 / 1 000 000"", ""N/A"", ""N/A"", ""N/A"", ""N/A""]","[""ultra_rare"", ""unclassified"", ""common"", ""unclassified"", ""common""]",Leptospirosis | Síndrome de pulmón por hantavirus | Sepsis bacteriana generalizada | Enfermedad hepática viral fulminante | Fiebre dengue con fase hemorrágica,"Leptospirosis → Leptospirosis [exact, 100.0%] → 1B91 ;; Síndrome de pulmón por hantavirus → Síndrome pulmonar por hantavirus [fuzzy_validated, 89.2%] → 1D62.1 ;; Sepsis bacteriana generalizada → 1G40 [who_api, 0.0%] → 1G40 ;; Enfermedad hepática viral fulminante → Hepatitis viral fulminante [semantic, 0.0%] → 1E50.Y ;; Fiebre dengue con fase hemorrágica → 1D22 [who_api, 0.0%] → 1D22"
,4,"[""NR-HEMAT-012"", ""3A10.Y"", ""3A4Z"", ""2A60"", ""1G40""]","[""N/A"", ""1-9 / 100 000"", ""N/A"", ""1-5 / 10 000"", ""N/A""]","[""unclassified"", ""very_rare"", ""common"", ""unknown"", ""common""]",Síndrome TTP adquirido | Síndrome hemolítico‑microangiopático atípico | Anemia hemolítica por PNH | Leucemia mieloide aguda | Sepsis,"Síndrome TTP adquirido → NR-HEMAT-012 [nr, 0.0%] → NR-HEMAT-012 ;; Síndrome hemolítico‑microangiopático atípico → Síndrome hemolítico urémico atípico [semantic, 0.0%] → 3A10.Y ;; Anemia hemolítica por PNH → 3A4Z [who_api, 0.0%] → 3A4Z ;; Leucemia mieloide aguda → Leucemia mieloide aguda [exact, 100.0%] → 2A60 ;; Sepsis → 1G40 [who_api, 0.0%] → 1G40"
,4,"[""3A20.3"", ""3A20.1"", ""1D81.Z"", ""3A20.0"", ""5C51.3""]","[""1-9 / 1 000 000"", ""N/A"", ""N/A"", ""1-9 / 100 000"", ""N/A""]","[""ultra_rare"", ""common"", ""common"", ""very_rare"", ""common""]",Síndrome de hemoglobinuria paroxística fría | Anemia hemolítica autoinmune de tipo frío | Hemólisis por mononucleosis infecciosa | Anemia hemolítica autoinmune de tipo tibio | Deficiencia de G6PD,"Síndrome de hemoglobinuria paroxística fría → Hemoglobinuria paroxística por frío [semantic, 0.0%] → 3A20.3 ;; Anemia hemolítica autoinmune de tipo frío → 3A20.1 [who_api, 0.0%] → 3A20.1 ;; Hemólisis por mononucleosis infecciosa → 1D81.Z [who_api, 0.0%] → 1D81.Z ;; Anemia hemolítica autoinmune de tipo tibio → Anemia autoinmune hemolítica tipo caliente [semantic, 0.0%] → 3A20.0 ;; Deficiencia de G6PD → 5C51.3 [who_api, 0.0%] → 5C51.3"
,4,"[""1F20.Z"", ""NR-RESP-007"", ""1F2C"", ""4A44.Z"", ""NR-INFEC-024""]","[""N/A"", ""N/A"", ""N/A"", ""N/A"", ""N/A""]","[""common"", ""unclassified"", ""common"", ""common"", ""unclassified""]",Infección invasiva por Aspergillus | Necrólisis pulmonar mucosa | Mucormicosis pulmonar | Vasculitis mediastínica | Mycobacterium avium complejo,"Infección invasiva por Aspergillus → 1F20.Z [who_api, 0.0%] → 1F20.Z ;; Necrólisis pulmonar mucosa → NR-RESP-007 [nr, 0.0%] → NR-RESP-007 ;; Mucormicosis pulmonar → 1F2C [who_api, 0.0%] → 1F2C ;; Vasculitis mediastínica → 4A44.Z [who_api, 0.0%] → 4A44.Z ;; Mycobacterium avium complejo → NR-INFEC-024 [nr, 0.0%] → NR-INFEC-024"
